ColumnID,Text,Segment,WC,Analytic,Clout,Authentic,Tone,WPS,BigWords,Dic,Linguistic,function,pronoun,ppron,i,we,you,shehe,they,ipron,det,article,number,prep,auxverb,adverb,conj,negate,verb,adj,quantity,Drives,affiliation,achieve,power,Cognition,allnone,cogproc,insight,cause,discrep,tentat,certitude,differ,memory,Affect,tone_pos,tone_neg,emotion,emo_pos,emo_neg,emo_anx,emo_anger,emo_sad,swear,Social,socbehav,prosocial,polite,conflict,moral,comm,socrefs,family,friend,female,male,Culture,politic,ethnicity,tech,Lifestyle,leisure,home,work,money,relig,Physical,health,illness,wellness,mental,substances,sexual,food,death,need,want,acquire,lack,fulfill,fatigue,reward,risk,curiosity,allure,Perception,attention,motion,space,visual,auditory,feeling,time,focuspast,focuspresent,focusfuture,Conversation,netspeak,assent,nonflu,filler,AllPunc,Period,Comma,QMark,Exclam,Apostro,OtherP
A,"Koreans only do bad things when they come to Korea. They come to Korea to earn money and do bad things, which makes the social atmosphere cloudy and insecure. Koreans only see damage, but they can't leave it alone. If you watch TV or read the newspaper, there are many Korean-Chinese who have committed violent crimes, and many people have no choice but to be dissatisfied.",1,66,5.32,23.94,61.28,1,16.5,13.64,89.39,74.24,56.06,13.64,7.58,0,0,1.52,0,4.55,6.06,7.58,3.03,0,6.06,10.61,7.58,12.12,3.03,21.21,15.15,3.03,3.03,0,3.03,0,13.64,1.52,12.12,1.52,1.52,1.52,3.03,0,9.09,0,7.58,0,7.58,7.58,0,7.58,1.52,1.52,0,0,10.61,0,0,0,0,0,0,7.58,0,0,0,0,6.06,0,4.55,1.52,3.03,1.52,0,1.52,0,0,0,0,0,0,0,0,0,0,0,0,0,1.52,0,0,0,1.52,0,0,12.12,9.09,1.52,4.55,4.55,3.03,0,0,1.52,0,4.55,0,0,0,0,0,0,15.15,6.06,6.06,0,0,1.52,1.52
A," If you look these days, you can see a lot of places like Chinatown where foreigners live together. When I walk around it, I feel scared and uncomfortable for nothing. There are many cases where companies hire foreigners for simple labor positions, but Korean-Chinese seem to be a lot in terms of language. However, there are many accidents and many troubles. I'm also worried that I might get hurt after saying something bad...",1,73,15.16,25.32,97.3,1,14.6,20.55,94.52,76.71,58.9,13.7,8.22,5.48,0,2.74,0,0,5.48,12.33,2.74,0,12.33,8.22,10.96,10.96,1.37,19.18,9.59,10.96,1.37,1.37,0,0,15.07,1.37,13.7,2.74,0,1.37,5.48,0,4.11,0,8.22,0,8.22,8.22,0,8.22,4.11,0,0,0,8.22,2.74,0,0,0,0,1.37,5.48,0,0,0,0,4.11,0,4.11,0,4.11,0,0,4.11,0,0,2.74,0,0,0,0,0,0,0,0,0,0,1.37,0,0,0,0,1.37,0,9.59,19.18,1.37,1.37,12.33,2.74,0,2.74,4.11,0,6.85,1.37,0,0,0,0,0,17.81,9.59,5.48,0,0,1.37,1.37
A,"Although the Korean-Chinese are superficially referred to as compatriots, they are actually a group of owners with a more vicious personality than the Chinese. I understand that it is an environment for living and surviving in China, but I think that it is a group that is too harsh and difficult to understand for us. Therefore, it is thought that things like brotherhood are good prey for them.",1,68,42.31,66.03,57.19,1,22.67,25,94.12,82.35,67.65,19.12,7.35,2.94,1.47,0,0,2.94,11.76,16.18,8.82,0,16.18,10.29,5.88,8.82,0,19.12,7.35,1.47,5.88,2.94,0,2.94,16.18,0,16.18,7.35,0,0,0,1.47,4.41,0,8.82,1.47,7.35,2.94,1.47,1.47,0,0,0,0,13.24,2.94,0,0,1.47,0,0,10.29,0,1.47,0,1.47,2.94,0,2.94,0,0,0,0,0,0,0,1.47,0,0,0,0,0,0,0,0,0,0,0,0,0,0,0,0,0,2.94,4.41,0,0,4.41,0,0,0,0,1.47,10.29,0,0,0,0,0,0,10.29,4.41,4.41,0,0,0,1.47
A," Yes, there are a lot of Korean-Chinese people living in my sister's neighborhood, too, but every day there are crimes and the police are helpless. I'm preparing to move now. The town is already being occupied by Korean-Chinese people. It's not just a fight, it's said that they use dangerous weapons all night long. Rather, the Korean people are being kicked out.",1,62,24.16,31.06,95.4,1,12.4,16.13,96.77,75.81,58.06,9.68,4.84,3.23,0,0,0,1.61,4.84,16.13,8.06,0,8.06,16.13,11.29,3.23,1.61,24.19,6.45,11.29,4.84,1.61,0,3.23,11.29,4.84,6.45,0,1.61,0,1.61,0,3.23,0,6.45,0,6.45,1.61,0,1.61,0,0,0,0,9.68,3.23,0,0,1.61,0,1.61,6.45,1.61,0,1.61,0,4.84,0,4.84,0,1.61,0,1.61,0,0,0,1.61,0,0,0,0,0,0,0,0,0,0,0,0,0,0,0,1.61,0,14.52,14.52,0,3.23,11.29,0,0,0,6.45,4.84,14.52,1.61,1.61,0,1.61,0,0,25.81,8.06,8.06,0,0,6.45,3.23
A,"Koreans should withdraw from Korea. All powerful crimes are caused by the Korean-Chinese, so should the good Korean people suffer?! Korean-Chinese, the culprit of violent crimes, back down! Get away! They are the beings that need to be completely wiped out in our country. We are the victims, the Korean-Chinese are the perpetrators.",1,53,91.9,92.68,1.24,5.02,8.83,22.64,84.91,66.04,54.72,7.55,5.66,0,3.77,0,0,1.89,1.89,18.87,13.21,0,15.09,13.21,3.77,1.89,0,20.75,3.77,1.89,7.55,3.77,0,3.77,11.32,1.89,9.43,0,1.89,5.66,0,1.89,0,0,5.66,1.89,3.77,5.66,1.89,3.77,0,1.89,0,0,9.43,0,0,0,0,0,0,7.55,0,0,0,0,9.43,0,9.43,0,0,0,0,0,0,0,0,0,0,0,0,0,0,0,0,1.89,0,1.89,0,0,0,0,0,0,13.21,11.32,0,0,11.32,0,0,0,0,1.89,7.55,0,0,0,0,0,0,26.42,5.66,7.55,1.89,5.66,0,5.66
A," I think Korean-Chinese are more likely to be related to violent crimes. Maybe it's because of the environment they're in, but they're of the same ethnicity, but they're a little reluctant and scary. It is a social issue that needs to be taken seriously. As our nation, we need to provide social protection or help us come out of the shade into the light.",1,64,57.51,75.49,43.27,6.65,16,15.63,95.31,79.69,60.94,15.63,10.94,1.56,4.69,0,0,4.69,4.69,14.06,9.38,0,17.19,12.5,3.13,9.38,0,20.31,12.5,3.13,6.25,6.25,0,0,18.75,0,18.75,3.13,1.56,3.13,4.69,1.56,6.25,0,4.69,1.56,3.13,3.13,0,3.13,1.56,1.56,0,0,15.63,3.13,1.56,0,0,0,0,9.38,0,0,0,0,4.69,1.56,3.13,0,0,0,0,0,0,0,0,0,0,0,0,0,0,0,0,3.13,0,1.56,0,0,0,0,3.13,0,6.25,9.38,0,1.56,7.81,1.56,0,0,0,1.56,12.5,0,0,0,0,0,0,18.75,6.25,4.69,0,0,6.25,1.56
A,"Korean-Chinese think of themselves as Chinese, claiming to be compatriots when necessary, and receive all the benefits of Korea. In addition to receiving medical benefits, it is also a great threat to public safety. You can feel the atmosphere just by visiting the vicinity of Sillim-dong, and you can tell by looking at the movie Crime City based on a true story.",1,62,93.3,83.23,1.77,89.28,20.67,27.42,91.94,70.97,51.61,6.45,4.84,0,0,3.23,0,1.61,1.61,11.29,9.68,0,19.35,6.45,4.84,8.06,0,16.13,8.06,3.23,1.61,0,0,1.61,11.29,1.61,9.68,3.23,1.61,3.23,0,0,0,0,8.06,6.45,1.61,0,0,0,0,0,0,0,14.52,8.06,0,0,1.61,0,3.23,4.84,0,0,0,0,3.23,0,3.23,0,1.61,1.61,0,0,0,0,1.61,1.61,0,0,0,0,0,0,0,1.61,0,3.23,0,0,0,3.23,3.23,0,3.23,8.06,0,0,4.84,1.61,0,1.61,1.61,0,6.45,0,0,0,0,0,0,14.52,4.84,6.45,0,0,0,3.23
A," The image of Korean-Chinese is very bad, as Korean-Chinese people carry a sword in their chest and take it out and wield it when they are angry. In fact, there are news of crimes related to injuries caused by knives wielded by Korean-Chinese. Not all Korean-Chinese people are like this, but since they have this awareness and there are many real cases, I think it can be the culprit for violent crimes.",1,72,41.36,32.26,49.53,1,24,13.89,87.5,70.83,59.72,12.5,5.56,1.39,0,0,0,4.17,6.94,11.11,4.17,0,16.67,11.11,5.56,9.72,1.39,16.67,6.94,1.39,0,0,0,0,13.89,0,13.89,4.17,2.78,1.39,2.78,1.39,2.78,0,5.56,0,5.56,4.17,0,4.17,0,2.78,0,0,5.56,1.39,0,0,0,0,1.39,4.17,0,0,0,0,5.56,0,5.56,0,0,0,0,0,0,0,2.78,1.39,0,0,0,0,0,0,0,0,0,1.39,0,0,0,0,0,0,9.72,11.11,1.39,1.39,6.94,1.39,0,0,2.78,1.39,8.33,0,0,0,0,0,0,15.28,4.17,5.56,0,0,0,5.56
A,"These are people who speak the same Korean language and look similar, but have radically different ideas. They are people who commit crimes in Korea and leave their country because they have a completely different identity and ideology and the Koreans have a sense of victimization. In addition, it is not easy to apply legal sanctions as they are classified as foreigners.",1,62,28.14,40.06,58.85,6.37,20.67,25.81,88.71,69.35,53.23,12.9,9.68,0,0,0,0,6.45,3.23,9.68,6.45,0,9.68,11.29,1.61,12.9,1.61,17.74,6.45,1.61,4.84,0,0,4.84,16.13,0,16.13,3.23,1.61,0,0,3.23,9.68,0,1.61,0,1.61,0,0,0,0,0,0,0,17.74,4.84,0,0,1.61,0,1.61,11.29,0,0,0,0,6.45,1.61,4.84,0,0,0,0,0,0,0,0,0,0,0,0,0,0,0,0,0,0,0,0,0,0,0,0,3.23,12.9,9.68,1.61,1.61,4.84,1.61,0,1.61,0,0,6.45,0,0,0,0,0,0,8.06,4.84,3.23,0,0,0,0
A," Korean-Chinese are blood-related compatriots who migrated to China from the painful history of Japanese colonial rule in Korean history. However, even after liberation, their lives have been centered on China for a long time, and after Northern diplomacy in the 1990s, they migrated to Korea. They have the perception that they are compatriots by blood, but they have a strong perception that their nationality is China, and in fact, their nationality is Chinese. There is a high probability of committing a violent crime in the process of not adjusting to life in Korea.",1,93,82.37,59.25,73.05,9.78,23.25,27.96,82.8,63.44,54.84,10.75,8.6,0,0,0,0,7.53,2.15,13.98,8.6,1.08,18.28,9.68,3.23,6.45,1.08,10.75,7.53,1.08,4.3,0,0,4.3,7.53,0,7.53,2.15,0,0,1.08,0,4.3,0,3.23,1.08,2.15,2.15,0,2.15,0,1.08,0,0,9.68,0,0,0,0,0,0,8.6,0,0,0,0,7.53,3.23,4.3,0,1.08,0,0,1.08,0,0,4.3,1.08,1.08,0,0,0,0,0,0,0,0,0,0,0,0,0,1.08,0,7.53,13.98,0,0,10.75,0,0,1.08,4.3,3.23,6.45,0,0,0,0,0,0,13.98,4.3,7.53,0,0,0,2.15
A," think there are a lot of subjects related to Korean-Chinese crimes among Korean films. Crime city, youth police, etc... In fact, I think a lot of similar things happen. Kidnapping, drugs, organ trafficking, etc. I couldn't have imagined until I saw the movie. Otherwise, it doesn't seem like there's smoke coming out of the fire! I think there are a lot of crimes related to Korean-Chinese people. I'm anxious and scared~",1,71,73.06,1.61,99,2.07,8.88,16.9,83.1,64.79,50.7,9.86,7.04,7.04,0,0,0,0,2.82,11.27,7.04,0,15.49,9.86,4.23,4.23,2.82,21.13,2.82,12.68,1.41,0,0,1.41,14.08,0,14.08,9.86,0,1.41,1.41,0,2.82,0,2.82,0,2.82,2.82,0,2.82,2.82,0,0,0,1.41,0,0,0,0,0,0,0,0,0,0,0,4.23,0,4.23,0,2.82,2.82,0,0,0,0,1.41,1.41,0,0,0,0,0,0,0,0,0,0,0,0,0,0,0,0,5.63,12.68,0,1.41,11.27,1.41,0,0,2.82,2.82,7.04,0,0,0,0,0,0,32.39,11.27,9.86,0,1.41,5.63,4.23
A," Koreans are the main cause of violent crimes. As you know, how many crimes were committed by the Korean-Chinese? I also live in Daerim-dong, and every time I pass by the streets at night, I feel so numb that I am going to die. How common is human trafficking? It's cool every time the bongo is filled. It's all because of Moon Jae-in. The president is like this, so is the country.",1,72,41.36,40.06,59.49,7.66,10.29,13.89,88.89,75,58.33,12.5,6.94,5.56,0,1.39,0,0,5.56,16.67,8.33,0,12.5,12.5,6.94,8.33,0,22.22,9.72,5.56,2.78,0,1.39,1.39,12.5,4.17,8.33,5.56,5.56,0,0,0,0,0,4.17,1.39,2.78,2.78,0,2.78,0,1.39,0,0,5.56,0,0,0,0,0,0,4.17,0,0,0,0,4.17,1.39,2.78,0,0,0,0,0,0,0,4.17,1.39,0,0,0,0,0,0,1.39,0,0,0,0,1.39,0,0,0,0,12.5,11.11,0,1.39,5.56,0,0,4.17,1.39,1.39,12.5,2.78,0,0,0,0,0,22.22,6.94,5.56,2.78,0,2.78,4.17
A,"When I look at the recent crimes, I think that living in the world is very scary. It is a world where incidents, big and small, do not stop, but among them, the crime news of Korean-Chinese people is really creepy. When you see events that appear only in movies on the news, you may be confused about what is real and what is a movie. It's still rough, but it seems that the number of Koreans is increasing, making it a more difficult country to live in.",1,88,28.98,33.62,85.15,1,22,7.95,95.45,80.68,61.36,15.91,5.68,2.27,0,2.27,0,1.14,10.23,13.64,9.09,0,11.36,11.36,9.09,6.82,1.14,20.45,10.23,5.68,0,0,0,0,12.5,0,12.5,2.27,1.14,0,3.41,2.27,3.41,0,5.68,0,5.68,3.41,0,3.41,2.27,0,0,0,6.82,2.27,0,0,0,0,2.27,3.41,0,0,0,0,2.27,0,2.27,0,2.27,2.27,0,0,0,0,2.27,0,0,0,0,0,0,0,0,0,0,0,0,0,0,0,0,0,10.23,15.91,1.14,0,11.36,3.41,0,1.14,4.55,0,9.09,1.14,0,0,0,0,0,15.91,4.55,9.09,0,0,1.14,1.14
A," As you can see from the social news these days, if you look at articles about stabbing and killing people for insignificant reasons or hurting people by making a riot with a knife in broad daylight, 9 out of 10 cases are related to Korean-Chinese. There are, of course, normal Koreans, but most of them are violent and impatient. Let's be honest, let's admit this.",1,65,71.09,87.26,41.41,1,21.67,18.46,92.31,70.77,53.85,10.77,7.69,0,3.08,3.08,0,1.54,3.08,9.23,4.62,3.08,20,10.77,3.08,9.23,0,15.38,12.31,3.08,6.15,3.08,0,3.08,15.38,0,15.38,4.62,3.08,1.54,3.08,3.08,4.62,0,7.69,1.54,6.15,4.62,0,4.62,1.54,1.54,0,0,15.38,6.15,0,0,1.54,1.54,1.54,7.69,0,0,0,0,3.08,0,3.08,0,0,0,0,0,0,0,3.08,0,0,0,0,0,0,0,1.54,0,0,0,0,0,0,0,0,0,7.69,10.77,1.54,0,6.15,3.08,0,1.54,3.08,0,9.23,0,0,0,0,0,0,18.46,4.62,9.23,0,0,3.08,1.54
A,"There are many problems with Koreans. We are rather friendly, but we do not know what they are inside. Of course, not all of them are like that, but it seems that a significant number of Korean-Chinese are also involved in or take the lead in violent crimes. There are many unknown crimes. We need a warm gaze, but let's all be careful.",1,63,15.12,58.95,56.69,20.23,12.6,14.29,95.24,85.71,68.25,15.87,9.52,0,6.35,0,0,3.17,6.35,14.29,4.76,0,12.7,14.29,6.35,7.94,3.17,20.63,12.7,6.35,9.52,7.94,1.59,1.59,26.98,1.59,25.4,3.17,1.59,1.59,9.52,3.17,9.52,0,3.17,1.59,1.59,3.17,1.59,1.59,0,1.59,0,0,11.11,1.59,1.59,0,0,0,0,9.52,0,0,0,0,3.17,0,3.17,0,0,0,0,0,0,0,0,0,0,0,0,0,0,0,0,1.59,0,1.59,0,0,0,0,1.59,0,6.35,11.11,0,0,7.94,1.59,0,1.59,0,0,12.7,0,0,0,0,0,0,17.46,7.94,6.35,0,0,1.59,1.59
A," Chosun-jok are not allowed to commit such cruel crimes because they are afraid. I don't want to even go near the Korean-Chinese because I'm afraid. Special crackdown on the villages or neighborhoods where Korean-Chinese live together. How do you live together, cruel things...",1,43,19.49,27.38,82.44,1,10.75,27.91,93.02,76.74,53.49,11.63,9.3,4.65,0,2.33,0,2.33,2.33,6.98,4.65,0,9.3,11.63,6.98,6.98,4.65,23.26,13.95,0,9.3,6.98,0,2.33,16.28,0,16.28,2.33,9.3,2.33,2.33,0,4.65,0,9.3,0,9.3,9.3,0,9.3,4.65,4.65,0,0,16.28,6.98,0,0,4.65,4.65,0,9.3,0,0,0,0,4.65,0,4.65,0,2.33,0,2.33,0,0,0,4.65,0,0,0,0,0,0,0,0,0,2.33,0,0,0,0,0,0,0,9.3,11.63,0,2.33,11.63,0,0,0,0,0,9.3,0,0,0,0,0,0,27.91,13.95,2.33,0,0,4.65,6.98
A,"Anyway, it's not okay to let Korean-Chinese step on our land, so if you do anything, you'll have a murder case and take your money, phishing phishing, committing a crime, and living because you're afraid. really",1,36,1,99,22.12,1,18,16.67,86.11,72.22,58.33,19.44,13.89,0,2.78,11.11,0,0,5.56,11.11,5.56,0,5.56,13.89,8.33,13.89,2.78,22.22,5.56,0,2.78,2.78,0,0,13.89,0,13.89,0,2.78,0,5.56,2.78,5.56,0,5.56,0,5.56,2.78,0,2.78,2.78,0,0,0,16.67,2.78,0,0,2.78,0,0,13.89,0,0,0,0,2.78,0,2.78,0,0,0,0,0,0,0,5.56,0,0,0,0,0,0,0,2.78,0,0,2.78,0,0,0,0,0,0,11.11,8.33,0,2.78,5.56,0,0,0,0,0,5.56,2.78,2.78,0,2.78,0,0,30.56,2.78,16.67,0,0,8.33,2.78
A," It seems that there are many Korean-Chinese people coming in and violent crimes have occurred. It seems that the Korean people are said to be the best security in the world. If you commit a crime, you should not be regarded as a foreigner and should be severely punished.",1,49,32.77,64.19,37.24,1,16.33,16.33,93.88,75.51,59.18,12.24,4.08,0,0,4.08,0,0,8.16,16.33,10.2,0,8.16,16.33,2.04,8.16,2.04,28.57,6.12,2.04,4.08,0,2.04,2.04,12.24,0,12.24,4.08,0,4.08,6.12,0,4.08,0,6.12,0,6.12,2.04,0,2.04,0,2.04,0,0,12.24,6.12,0,2.04,0,0,2.04,6.12,0,0,0,0,6.12,0,6.12,0,0,0,0,0,0,0,0,0,0,0,0,0,0,0,0,0,0,0,0,0,0,0,2.04,0,8.16,10.2,0,2.04,10.2,0,0,0,0,4.08,8.16,0,0,0,0,0,0,10.2,6.12,2.04,0,0,0,2.04
A," also live in an area where there are a lot of Korean-Chinese (the location is not disclosed due to personal risk), but the Korean-Chinese are really scary people. Everyone must have seen the crime city movie. This is a film that shows just how ruthless and heartless the Korean-Chinese people in the 2000s are. There are no such makga-style Korean-Chinese in this era, but their atrocities are still ingrained deep inside. Then you get a rough idea of whether this person is normal or not. I'm not saying that all Korean-Chinese are killers, just as each person has their own personality. Humans can barely detect danger with their eyes. Anyway, people who live in an area where there are many Koreans like me, please take care of yourself. I can go to Hankyu for no reason..",1,136,27.96,31.82,83.69,1.85,15.11,13.97,94.85,70.59,61.03,11.03,6.62,2.21,0,1.47,0,2.21,4.41,18.38,7.35,0.74,10.29,11.76,9.56,5.88,3.68,17.65,4.41,3.68,2.21,0,0,2.21,15.44,2.94,12.5,2.94,1.47,2.94,1.47,2.21,5.15,0,4.41,0.74,3.68,0.74,0,0.74,0.74,0,0,0,13.24,4.41,1.47,0.74,0.74,0.74,1.47,8.09,0,0,0,0,4.41,0,4.41,0,1.47,1.47,0,0,0,0,2.94,0,0,0,0,0,0,0,0.74,0,0,1.47,0.74,0,0,0,1.47,0,8.82,16.18,0.74,0.74,13.24,1.47,0,0.74,2.21,2.21,10.29,0,0,0,0,0,0,17.65,7.35,3.68,0,0,0.74,5.88
A,"If you talk to them for a long time, they are Chinese people who take the Chinese side. Each country has a universal level of education and a sense of order... It seems that they are also Chinese, so they do not have a good sense of citizenship and use a lot of violence ignorantly. In the past, Koreans went to China and did a lot of bad things to Korean-Chinese people.",1,72,73.36,72.07,39.59,2.17,18,15.28,98.61,76.39,59.72,12.5,8.33,0,0,1.39,0,5.56,4.17,16.67,11.11,0,13.89,8.33,2.78,8.33,1.39,16.67,9.72,9.72,1.39,0,0,1.39,8.33,0,8.33,4.17,1.39,0,2.78,0,2.78,0,5.56,1.39,4.17,2.78,1.39,1.39,0,0,0,0,11.11,1.39,0,0,0,0,1.39,8.33,0,0,0,0,8.33,1.39,6.94,0,1.39,0,0,1.39,0,0,0,0,0,0,0,0,0,0,0,0,0,1.39,4.17,0,0,0,0,0,11.11,11.11,0,1.39,6.94,0,0,2.78,1.39,4.17,5.56,0,0,0,0,0,0,13.89,8.33,4.17,0,0,0,1.39
A," It is said that the crime rate rises because of the Korean-Chinese. I've also heard rumors that Korean-Chinese always carry weapons such as knives. Even the police don't want to enter the neighborhood where Korean-Chinese people live. I would like to deport the Korean-Chinese who are illegally staying in Korea. The safety of Koreans is being threatened. Koreans think of themselves as Chinese.",1,63,61.53,40.06,10.18,43.94,10.5,22.22,92.06,69.84,53.97,11.11,6.35,3.17,0,0,0,1.59,4.76,14.29,9.52,0,14.29,11.11,6.35,6.35,1.59,25.4,1.59,1.59,4.76,0,0,4.76,9.52,1.59,7.94,1.59,1.59,4.76,0,0,0,0,7.94,4.76,3.17,3.17,3.17,0,0,0,0,0,9.52,4.76,0,0,1.59,0,3.17,4.76,0,0,0,0,12.7,1.59,11.11,0,1.59,0,1.59,0,0,0,1.59,0,0,0,0,0,0,0,0,0,1.59,0,0,0,0,0,3.17,0,3.17,11.11,0,3.17,6.35,0,1.59,0,1.59,4.76,6.35,0,0,0,0,0,0,19.05,9.52,0,0,0,3.17,6.35
A,"Day by day, the number of Korean-Chinese people running around in Korea is increasing. If you look at the little ones who do, they choose only violent crimes and make mistakes. Worried about the future. Crimes such as human trafficking of Korean-Chinese should not occur, and let's keep an eye on the Korean-Chinese people around us. don't know what you're doing",1,61,55.44,93.01,27.07,1.32,12.2,14.75,90.16,75.41,54.1,11.48,9.84,0,3.28,3.28,0,1.64,1.64,9.84,8.2,0,16.39,11.48,6.56,6.56,3.28,19.67,8.2,8.2,3.28,3.28,0,0,13.11,0,13.11,3.28,1.64,3.28,1.64,0,3.28,0,6.56,1.64,4.92,3.28,0,3.28,1.64,1.64,0,0,11.48,0,0,0,0,0,0,11.48,0,0,0,0,4.92,0,4.92,0,0,0,0,0,0,0,1.64,0,0,0,0,0,0,0,0,0,0,0,0,0,0,0,0,0,14.75,9.84,1.64,1.64,4.92,3.28,0,0,4.92,0,6.56,1.64,0,0,0,0,0,21.31,6.56,4.92,0,0,4.92,4.92
A," Korean-Chinese lack patriotism for their own people or country. Having lived in another country for a long time, they show a significant difference in their beliefs about their country or their patriotism. Therefore, they ignore human rights and focus only on making money. There is a lot of room for murder and riots.",1,53,65.45,62.44,93.37,5.02,13.25,20.75,98.11,66.04,52.83,13.21,11.32,0,0,0,0,11.32,1.89,16.98,5.66,0,15.09,3.77,7.55,7.55,0,11.32,5.66,9.43,1.89,0,0,1.89,15.09,0,15.09,3.77,1.89,1.89,3.77,0,7.55,0,1.89,0,1.89,0,0,0,0,0,0,0,28.3,11.32,0,0,1.89,7.55,0,11.32,0,0,0,0,5.66,3.77,1.89,0,1.89,0,1.89,0,0,0,3.77,0,0,0,0,0,0,0,1.89,0,0,0,1.89,0,0,0,0,0,13.21,22.64,3.77,0,16.98,1.89,0,0,0,1.89,1.89,0,0,0,0,0,0,13.21,7.55,3.77,0,0,0,1.89
A,"Believe it or not... Korean-Chinese believe and filter... Wow, is this a true story? The Korean-Chinese are really vomiting. If they do anything they do, it's all these people... Shouldn't they really be banned from entering the country? Crazy, really, why aren't the Koreans deported?? Deportation is the answer. Actually, there are a lot of Korean-Chinese criminals... If you have Korean-Chinese around you, be really careful.",1,66,2.54,31.58,39.59,6.9,6.6,25.76,96.97,78.79,66.67,15.15,7.58,0,0,3.03,0,4.55,7.58,15.15,9.09,0,4.55,18.18,12.12,6.06,4.55,22.73,6.06,6.06,0,0,0,0,27.27,1.52,25.76,4.55,1.52,1.52,6.06,7.58,7.58,0,4.55,0,1.52,3.03,0,0,0,0,0,0,13.64,4.55,0,0,0,1.52,3.03,7.58,0,0,0,0,10.61,3.03,7.58,0,0,0,0,0,0,0,1.52,1.52,1.52,0,0,0,0,0,0,0,0,0,0,0,0,0,1.52,0,4.55,6.06,0,1.52,4.55,0,0,0,0,0,9.09,0,1.52,0,0,0,1.52,48.48,22.73,9.09,6.06,0,4.55,6.06
A," The Korean-Chinese are dirty and have no regard for others. And there is a risk of committing a crime, so you should always be careful. If possible, avoid visiting areas with a large number of Korean-Chinese people late. It is necessary to strengthen security in the area where Korean-Chinese is mainly inhabited, to brighten the lights at night, and to guide that it is a criminal area.",1,67,63.7,31.7,28.11,20.23,16.75,19.4,92.54,71.64,58.21,7.46,1.49,0,0,1.49,0,0,5.97,13.43,10.45,0,13.43,11.94,7.46,7.46,1.49,13.43,8.96,2.99,1.49,0,0,1.49,8.96,2.99,5.97,0,0,1.49,2.99,0,2.99,0,2.99,1.49,1.49,0,0,0,0,0,0,0,7.46,5.97,1.49,1.49,0,1.49,0,1.49,0,0,0,0,4.48,0,4.48,0,0,0,0,0,0,0,0,0,0,0,0,0,0,0,0,1.49,0,0,0,0,0,0,5.97,0,5.97,10.45,0,0,8.96,1.49,0,0,4.48,0,7.46,0,0,0,0,0,0,16.42,5.97,5.97,0,0,0,4.48
A,"The act of posting fake comments is not allowed. Just imagining this makes me uncomfortable. It's a scary thing to write a comment wrong and come back, but it doesn't seem to be this part no matter how much you assume that your boss gave you instructions. It seems to be a contradiction in itself to do research on this kind of thing.",1,63,29.12,40.06,67.59,1,15.75,14.29,95.24,76.19,60.32,22.22,6.35,1.59,0,4.76,0,0,15.87,17.46,6.35,0,12.7,9.52,3.17,3.17,4.76,19.05,6.35,3.17,3.17,0,0,3.17,23.81,1.59,22.22,7.94,4.76,0,7.94,0,4.76,0,6.35,0,6.35,3.17,0,3.17,1.59,0,0,0,19.05,12.7,0,0,0,3.17,6.35,6.35,0,0,0,0,0,0,0,0,4.76,0,0,4.76,0,0,0,0,0,0,0,0,0,0,0,0,0,0,0,0,0,0,0,3.17,6.35,4.76,0,1.59,4.76,0,0,0,0,1.59,7.94,0,0,0,0,0,0,11.11,6.35,1.59,0,0,3.17,0
A," The problem of Korean-Chinese is not a matter of yesterday or today. Due to the nature of the Korean-Chinese, who have a lot of problems with illegal stay, they are basically committing a crime. more likely to commit a crime It can be said to be the main cause of violent crimes that cause social crowds and fearful crimes due to social maladjustment and their own sense of group.",1,69,94.33,57.35,4.38,1,23,15.94,89.86,68.12,53.62,7.25,4.35,0,0,0,0,2.9,2.9,17.39,11.59,0,15.94,8.7,1.45,4.35,1.45,13.04,11.59,5.8,2.9,0,0,2.9,14.49,0,14.49,1.45,2.9,1.45,2.9,0,2.9,0,4.35,0,4.35,2.9,0,2.9,1.45,1.45,0,0,11.59,1.45,0,0,0,0,1.45,7.25,0,0,0,0,2.9,0,2.9,0,0,0,0,0,0,0,0,0,0,0,0,0,0,0,0,0,0,0,0,0,0,0,0,0,4.35,2.9,0,0,1.45,0,0,1.45,4.35,2.9,4.35,0,0,0,0,0,0,10.14,4.35,2.9,0,0,0,2.9
A,"In the Korean-Chinese society, they say that they sell human meat by tricking them into mutton... It's like a tribe that only knows how to do voice phishing and knife... Just looking at it makes me shiver. Don't keep coming over to another country and don't wash the water, you guys should fight and stir-fry each other while cutting.. Just thinking about it makes my teeth tremble.. Even reading articles about it is disgusting and disgusting.",1,76,22.98,63.42,52.19,1,12.67,19.74,88.16,75,56.58,17.11,7.89,2.63,0,1.32,0,3.95,9.21,11.84,3.95,0,13.16,7.89,9.21,6.58,2.63,22.37,6.58,1.32,1.32,1.32,0,0,10.53,0,10.53,3.95,3.95,1.32,0,0,2.63,0,6.58,1.32,5.26,1.32,0,1.32,1.32,0,0,0,14.47,2.63,0,0,1.32,0,1.32,10.53,0,0,0,1.32,1.32,0,1.32,0,1.32,0,0,0,1.32,0,5.26,1.32,0,0,0,0,0,1.32,0,0,0,0,0,0,0,0,0,0,3.95,10.53,0,2.63,6.58,1.32,0,2.63,1.32,0,9.21,0,0,0,0,0,0,25,15.79,2.63,0,0,3.95,2.63
A," An acquaintance couple took a taxi on a trip to China, and as they were Korean-Chinese, they spoke well, and the car broke down in a rare place. But suddenly, he said that he left with only his wife on board. He reported it to the police and found his wife, but he said that the liver, bean plate, cornea, and organs were all taken away and only breathing was found.",1,71,57.45,95.12,2.25,20.23,23.67,7.04,91.55,73.24,59.15,15.49,11.27,0,0,0,8.45,2.82,4.23,16.9,9.86,0,12.68,4.23,5.63,11.27,0,15.49,5.63,2.82,4.23,2.82,0,1.41,7.04,1.41,5.63,2.82,0,0,0,0,2.82,0,2.82,1.41,1.41,0,0,0,0,0,0,0,19.72,4.23,0,0,0,0,4.23,15.49,2.82,1.41,2.82,8.45,2.82,0,1.41,1.41,1.41,0,0,1.41,0,0,5.63,0,0,0,0,0,0,1.41,0,0,0,2.82,0,0,0,0,0,0,1.41,8.45,0,0,7.04,1.41,0,0,2.82,15.49,0,0,0,0,0,0,0,16.9,4.23,11.27,0,0,0,1.41
A,"Korean-Chinese seems to have something to do with crime, and it doesn't feel good.. It seems to be portrayed that way because there are so many expressions in the movie, and there are a lot of things like that. .. There are many people who are not, but I think we should be careful..",1,53,4.02,20.62,68.36,49.04,17.67,11.32,94.34,84.91,75.47,16.98,5.66,1.89,1.89,0,0,0,11.32,13.21,3.77,0,13.21,18.87,7.55,9.43,3.77,26.42,5.66,9.43,1.89,1.89,0,0,16.98,0,16.98,7.55,1.89,1.89,5.66,0,3.77,0,1.89,1.89,0,1.89,1.89,0,0,0,0,0,3.77,0,0,0,0,0,0,3.77,0,0,0,0,1.89,0,1.89,0,1.89,1.89,0,0,0,0,0,0,0,0,0,0,0,0,0,0,0,0,0,0,0,0,1.89,0,9.43,11.32,0,0,9.43,0,0,1.89,0,0,15.09,0,0,0,0,0,0,22.64,13.21,5.66,0,0,1.89,1.89
A," The Korean-Chinese crime rate is increasing. Voice phishing is also very scary. I also called a few days ago saying that I am a police officer and that my account was used for a crime. I heard that my brother got a similar call a while ago... uhh... I'm worried.",1,50,12.09,3.95,75.94,1,8.33,16,92,80,56,18,12,12,0,0,0,0,6,24,12,0,2,10,10,8,0,20,8,8,6,2,0,4,6,0,6,0,2,0,0,0,2,0,4,0,4,4,0,4,4,0,0,0,10,6,0,0,0,0,6,4,2,0,0,2,2,0,2,0,2,0,0,2,2,0,0,0,0,0,0,0,0,0,0,0,0,2,0,0,0,0,0,0,2,2,0,0,0,0,2,0,8,12,8,0,2,0,0,2,0,24,20,0,0,0,2,2
A,"Koreans are the main cause of violent crimes. As can be seen in the case of Won-chun Oh as a representative case, it is a really heinous crime. Well, we only hear about big events in the news, but there are a lot of crimes of Korean-Chinese people depicted in movies. Shinsegae (three Korean-Chinese people), a crime city, has terrifying brutality. I'm really scared.",1,64,84.59,40.06,5.64,1,12.8,17.19,81.25,65.63,53.13,4.69,3.13,1.56,1.56,0,0,0,1.56,14.06,10.94,1.56,15.62,10.94,9.38,4.69,0,14.06,9.38,7.81,1.56,1.56,0,0,7.81,0,7.81,0,1.56,1.56,0,3.13,1.56,0,7.81,1.56,6.25,4.69,0,4.69,3.13,1.56,0,0,6.25,3.13,0,0,1.56,0,1.56,1.56,0,0,0,0,4.69,0,4.69,0,1.56,1.56,0,0,0,0,0,0,0,0,0,0,0,0,0,0,0,0,0,0,0,0,0,0,4.69,10.94,0,0,7.81,1.56,1.56,0,0,1.56,9.38,0,1.56,0,0,1.56,0,25,7.81,7.81,0,0,1.56,7.81
A," Although Korean-Chinese are of the same ethnicity, it is dangerous because behaviors that have not been considered crimes since childhood due to their living environment come to Korea and commit violent crimes as they are, but it is even scarier that they do not know that they are a crime. I would like the government to take action when I am going to lead a violent crime anytime and anywhere and lead a normal life without anything.",1,77,15.64,7.72,88.28,2.61,38.5,22.08,92.21,77.92,61.04,15.58,7.79,2.6,0,0,0,5.19,7.79,11.69,6.49,0,11.69,12.99,5.19,11.69,2.6,24.68,7.79,0,2.6,0,2.6,2.6,22.08,0,22.08,2.6,5.19,2.6,3.9,0,7.79,0,7.79,2.6,5.19,6.49,2.6,3.9,1.3,2.6,0,0,6.49,0,0,0,0,0,0,5.19,0,0,0,0,3.9,1.3,2.6,0,0,0,0,0,0,0,1.3,0,0,0,0,0,0,0,0,0,0,1.3,0,0,0,0,1.3,0,6.49,6.49,0,2.6,5.19,0,0,0,6.49,2.6,7.79,2.6,0,0,0,0,0,6.49,2.6,2.6,0,0,0,1.3
A,"Crime City is a movie based on a true story. This shows that the crimes committed by the Korean-Chinese are unbelievably cruel. To support this, the Oh Won-chun incident occurred. Unbelievable and violent crimes called shards of murder are occurring in Korea from Korean-Chinese.",1,44,97.37,40.06,1,1,11,25,75,59.09,40.91,6.82,0,0,0,0,0,0,6.82,18.18,11.36,0,13.64,6.82,0,2.27,0,13.64,9.09,0,2.27,0,2.27,0,4.55,0,4.55,0,2.27,0,0,0,0,0,9.09,2.27,6.82,4.55,0,4.55,0,4.55,0,0,13.64,11.36,2.27,0,4.55,2.27,4.55,0,0,0,0,0,4.55,0,4.55,0,2.27,2.27,0,0,0,0,2.27,0,0,0,0,0,0,0,2.27,0,0,0,0,0,0,0,0,0,0,4.55,0,0,4.55,0,0,0,0,2.27,6.82,0,2.27,0,0,2.27,0,18.18,9.09,2.27,0,0,0,6.82
A," If I do anything, I blame the Koreans every day, but it doesn't seem like a bit. Korean-Chinese people know that it is easy to commit crimes by using the fact that their identity is not properly verified. But Koreans are not that easy either. I think this is a legal issue. If you commit a crime, please make sure that you get a strong punishment for it. It is also unreasonable to not be able to impose a penalty for not verifying your identity. You shouldn't just blame anyone, but take action.",1,93,13.38,4.4,51.16,1.4,13.29,13.98,88.17,74.19,59.14,20.43,8.6,3.23,0,4.3,0,1.08,11.83,17.2,7.53,0,7.53,9.68,2.15,7.53,6.45,20.43,3.23,3.23,4.3,0,1.08,3.23,20.43,1.08,19.35,3.23,1.08,1.08,5.38,0,10.75,0,5.38,1.08,4.3,0,0,0,0,0,0,0,11.83,5.38,1.08,1.08,0,3.23,0,6.45,0,0,0,0,3.23,0,3.23,0,0,0,0,0,0,0,0,0,0,0,0,0,0,0,0,0,0,2.15,0,0,0,0,0,0,8.6,3.23,2.15,1.08,0,0,0,0,1.08,0,6.45,2.15,0,0,0,0,0,15.05,7.53,4.3,0,0,2.15,1.08
A,"The longer the Korean-Chinese stay in Korea, the higher the crime rate seems to be. So, no matter how bad it is, the Korean-Chinese seem to be the culprit behind the unavoidable violent crimes.. The crime rate seems to be reduced by preventing them from even visiting the country at all. It is said that the period of stay in Korea has been greatly reduced.",1,65,95.73,40.06,63.35,1.63,16.25,16.92,84.62,75.38,55.38,6.15,1.54,0,0,0,0,1.54,4.62,20,15.38,0,15.38,10.77,4.62,1.54,1.54,21.54,6.15,6.15,0,0,0,0,10.77,3.08,7.69,6.15,1.54,0,4.62,0,0,0,3.08,0,3.08,3.08,0,3.08,0,1.54,0,0,6.15,3.08,0,0,0,0,1.54,1.54,0,0,0,0,3.08,0,3.08,0,0,0,0,0,0,0,0,0,0,0,0,0,0,0,0,0,0,0,0,0,0,0,1.54,0,6.15,12.31,0,0,12.31,0,0,0,1.54,3.08,7.69,0,0,0,0,0,0,15.38,7.69,4.62,0,0,0,3.08
A," You can tell just by watching the movie Crime City. They form a faction among themselves and argue with women, and they probably won't even know that it's a crime. Go back to your country quickly. You should not defend it because you are Chinese and Korean. Because of such children, only good citizens should be harmed. There should be more detectives like Ma Dong-seok.",1,65,7.69,99,5.35,6.78,10.83,20,93.85,70.77,63.08,15.38,10.77,0,0,6.15,0,4.62,4.62,10.77,4.62,0,9.23,13.85,9.23,7.69,3.08,18.46,4.62,1.54,3.08,1.54,0,1.54,13.85,0,13.85,1.54,3.08,6.15,1.54,0,1.54,0,4.62,1.54,3.08,3.08,1.54,1.54,0,1.54,0,0,24.62,3.08,0,0,1.54,0,3.08,18.46,1.54,0,3.08,0,4.62,1.54,3.08,0,1.54,1.54,0,0,0,0,0,0,0,0,0,0,0,0,0,0,0,0,0,0,0,0,0,0,9.23,10.77,1.54,1.54,9.23,1.54,0,0,1.54,1.54,4.62,1.54,0,0,0,0,0,16.92,9.23,3.08,0,0,3.08,1.54
A,"It's like a member of a Korean-Chinese gang in China, like Zhang Chen from the movie Crime City, has entered the country and is active. It has been a long time since they worked in conjunction with a domestic gangster organization to increase their power while competing with the Chinese triad and now expand their power to Korea. It seems that the day is not far off when Korea will become a proxy battleground for the power struggle of Japan's Yakuza and China's Triad. It is time for the Korean police to crack down strongly so that their organizations do not become active through the cooperation of Korea, China and Japan.",1,111,88.23,56.18,36.48,20.23,27.75,14.41,84.68,65.77,53.15,9.01,3.6,0,0,0,0,3.6,5.41,15.32,10.81,0,17.12,8.11,2.7,7.21,1.8,12.61,5.41,2.7,11.71,3.6,1.8,7.21,5.41,0,5.41,0.9,0.9,0,0.9,0,1.8,0,3.6,1.8,1.8,0,0,0,0,0,0,0,9.91,1.8,0.9,0,0.9,0,0,6.31,0,0,0,0,2.7,0,2.7,0,3.6,0.9,0,2.7,0,0,0,0,0,0,0,0,0,0,0,0,0,0,0,0,0,0,0,0,7.21,9.01,0,0.9,8.11,0,0,0,4.5,2.7,7.21,0.9,0,0,0,0,0,9.91,3.6,2.7,0,0,2.7,0.9
A," No, if you get grungy, you proudly say no. There is a problem with both the person doing that kind of thing and the person doing it. Don't make it happen. I'm still less than 150 characters, so what should I write? You are giving stupid answers to nonsensical questions.",1,50,2.72,51.99,13.33,20.23,10,12,94,80,66,20,10,4,0,6,0,0,10,16,6,2,8,14,8,8,6,26,4,4,2,0,2,0,22,4,18,4,2,2,8,0,4,0,4,2,2,2,2,0,0,0,0,0,16,6,0,0,0,0,6,10,0,0,0,0,0,0,0,0,0,0,0,0,0,0,0,0,0,0,0,0,0,0,0,0,0,2,0,0,0,0,0,2,10,2,0,0,2,0,0,0,0,0,8,0,0,0,0,0,0,20,8,6,2,0,4,0
A,"Most of the violent criminals, including murder, robbery, and rape, are Korean-Chinese. Koreans should not be allowed to enter Korea. I can't live because I'm anxious because of the Korean-Chinese. Korean-Chinese should not be allowed to return to China and enter Korea. As long as the Korean-Chinese are roaming around, it is impossible to live in Korea because it is dangerous. Koreans, go back to China.",1,66,54.26,1.08,79.84,1,11,28.79,89.39,71.21,54.55,6.06,3.03,3.03,0,0,0,0,3.03,6.06,4.55,0,18.18,15.15,1.52,10.61,4.55,22.73,10.61,3.03,3.03,0,0,3.03,16.67,0,16.67,0,7.58,4.55,0,0,6.06,0,7.58,0,7.58,3.03,0,3.03,1.52,1.52,0,0,7.58,7.58,0,0,3.03,1.52,0,0,0,0,0,0,9.09,0,9.09,0,0,0,0,0,0,0,6.06,0,0,0,0,0,1.52,0,1.52,0,0,0,0,0,0,0,1.52,0,7.58,15.15,0,6.06,12.12,0,0,0,0,0,9.09,0,0,0,0,0,0,27.27,9.09,9.09,0,0,3.03,6.06
A," As the Korean-Chinese came in, our society became more dangerous. The number of Korean-Chinese who commit various accidents and illegal activities continues to increase, and as a result, violent crimes are also increasing. Violent crimes are increasing year by year in areas where Korean-Chinese live, and this has come to be the biggest problem in our society. We must immediately stop the Korean people from endangering our people. Let's all look at it with interest and expel the Korean-Chinese, the culprit of violent crimes, from our country.",1,87,81.78,98.43,28.21,1,17.4,28.74,89.66,71.26,50.57,10.34,8.05,0,6.9,0,0,0,2.3,16.09,8.05,0,16.09,6.9,3.45,8.05,0,14.94,9.2,9.2,9.2,6.9,0,2.3,6.9,1.15,5.75,0,1.15,1.15,0,0,1.15,0,6.9,0,6.9,3.45,0,3.45,0,3.45,0,0,11.49,0,0,0,0,0,0,10.34,0,0,0,0,5.75,0,5.75,0,0,0,0,0,0,0,1.15,0,0,0,0,0,0,0,0,1.15,0,0,0,0,0,0,1.15,0,10.34,11.49,1.15,3.45,8.05,1.15,0,0,3.45,2.3,5.75,0,0,0,0,0,0,18.39,5.75,6.9,0,0,1.15,4.6
A,"It is said that the stories of Korean-Chinese crimes that only appear in movies are actually happening in Daerim-dong, Seoul. Compared to other neighborhoods, the crime rate is high, and violent crimes such as murder and robbery are not uncommon. Shouldn't the government take strong measures to protect its own citizens against the reckless increase in crime by Korean-Chinese? I am worried that the scope of activities of Korean-Chinese people in Seoul Guro-dong and Daerim-dong is gradually increasing.",1,78,80.69,11.19,23.3,1,19.5,33.33,83.33,65.38,48.72,7.69,1.28,1.28,0,0,0,0,6.41,14.1,6.41,0,15.38,8.97,2.56,5.13,2.56,14.1,10.26,3.85,3.85,1.28,0,2.56,8.97,0,8.97,0,0,1.28,0,1.28,5.13,0,6.41,1.28,5.13,2.56,0,2.56,1.28,1.28,0,0,6.41,3.85,0,0,1.28,0,2.56,2.56,0,0,0,0,6.41,2.56,3.85,0,2.56,1.28,1.28,0,0,0,1.28,0,0,0,0,0,0,0,1.28,0,0,1.28,0,0,0,0,2.56,0,3.85,8.97,0,1.28,7.69,1.28,0,0,0,1.28,7.69,0,0,0,0,0,0,17.95,3.85,3.85,1.28,0,1.28,7.69
A," There are many stories in the news that the psychology of people who commit crimes in the world is trauma caused by abuse or psychological shock from an early age, and I think that's the type of Korean-Chinese. Since I grew up being despised and despised in a foreign country, the probability of violent crime is not that high...",1,59,89.52,10.17,97.35,1,29.5,16.95,94.92,71.19,55.93,10.17,5.08,3.39,0,0,0,0,5.08,18.64,11.86,0,16.95,8.47,1.69,6.78,1.69,15.25,10.17,1.69,1.69,0,0,1.69,10.17,0,10.17,1.69,3.39,0,3.39,0,3.39,0,10.17,0,10.17,6.78,0,6.78,0,5.08,0,0,6.78,3.39,0,0,0,0,3.39,1.69,0,0,0,0,1.69,0,1.69,0,1.69,0,0,1.69,0,0,1.69,1.69,0,0,1.69,0,0,0,0,0,0,0,0,0,0,0,0,0,5.08,15.25,0,0,15.25,0,0,0,5.08,3.39,6.78,0,0,0,0,0,0,13.56,6.78,3.39,0,0,1.69,1.69
A,"People referred to as Korean-Chinese look similar to us, but their way of life has changed completely over the years. There seem to be a lot of everyday things that are so natural to swings that we think we should never do now. The biggest difference between us in basic respect and courtesy towards people is that we often feel fear because of it. I think the editorial was a bit long, but it was just scary. They don't know what to do if they don't like them. scary.",1,89,14.81,72.39,94.56,9.43,14.83,16.85,100,88.76,68.54,20.22,11.24,1.12,5.62,0,0,4.49,8.99,11.24,5.62,0,15.73,12.36,7.87,7.87,3.37,22.47,8.99,7.87,6.74,5.62,0,1.12,20.22,2.25,17.98,5.62,2.25,1.12,3.37,1.12,5.62,0,5.62,2.25,3.37,3.37,0,3.37,3.37,0,0,0,14.61,3.37,2.25,1.12,0,0,0,10.11,0,0,0,0,1.12,0,1.12,0,1.12,0,0,1.12,0,0,0,0,0,0,0,0,0,0,0,0,0,0,0,0,0,0,0,0,11.24,11.24,1.12,1.12,7.87,1.12,0,1.12,6.74,4.49,8.99,0,0,0,0,0,0,12.36,6.74,2.25,0,0,2.25,1.12
A,"To be honest, the Korean-Chinese are different from us in the way they think... If there is a fight, they break the bottle of soju first. In areas where there are many Korean-Chinese people, the police say that they wear a sword vest to work. Not all Koreans commit crimes. But if a violent crime occurs and the criminal is caught, why are they all Korean-Chinese? Whether it was Oh Won-chun or Wu Yuen-chun, the person who cut people off was also Korean-Chinese.",1,83,52.72,40.06,49.65,3.11,13.83,13.25,85.54,69.88,57.83,9.64,7.23,0,1.2,0,0,4.82,2.41,16.87,10.84,1.2,8.43,9.64,6.02,8.43,1.2,14.46,6.02,3.61,3.61,1.2,1.2,1.2,16.87,1.2,15.66,1.2,1.2,0,6.02,3.61,8.43,0,2.41,0,2.41,1.2,0,1.2,0,1.2,0,0,12.05,3.61,0,0,1.2,1.2,1.2,8.43,0,0,0,0,6.02,0,6.02,0,1.2,0,0,1.2,0,0,1.2,0,0,0,0,1.2,0,0,0,0,0,1.2,0,0,0,0,0,0,3.61,8.43,0,1.2,7.23,0,0,0,0,3.61,6.02,0,1.2,0,0,1.2,0,22.89,8.43,6.02,1.2,0,0,7.23
A," The murder rate in Korea is increasing, and even in Daerim, the rate of increase is rapid. It's all because of the Koreans. The Korean-Chinese are increasing the homicide rate in our country. In addition, the number of jobs in Korea is decreasing due to the Korean-Chinese, and public order is disturbed. Also, there are many patients with tuberculosis, which is the cause of the increase in medical insurance.",1,69,94.33,57.35,44.75,1.92,13.8,24.64,94.2,73.91,56.52,4.35,1.45,0,1.45,0,0,0,2.9,17.39,13.04,0,17.39,11.59,4.35,5.8,0,11.59,4.35,17.39,2.9,1.45,0,1.45,5.8,1.45,4.35,0,2.9,0,0,0,1.45,0,2.9,0,2.9,0,0,0,0,0,0,0,7.25,2.9,0,0,2.9,0,0,2.9,0,0,0,0,4.35,0,4.35,0,2.9,0,0,1.45,1.45,0,7.25,4.35,1.45,0,0,0,0,0,2.9,0,0,0,0,0,0,0,1.45,0,1.45,13.04,0,1.45,11.59,0,0,0,2.9,0,11.59,0,0,0,0,0,0,20.29,7.25,8.7,0,0,1.45,2.9
A,"The Korean-Chinese are the culprits of violent crimes and must be expelled from our country. The root of all evil. The reason our country's crime rate is rising, and the reason why women are being caught without knowing it, is because of the Korean-Chinese. They should all be kicked out of our country!",1,53,65.45,95.87,29.13,1,13.25,20.75,90.57,73.58,62.26,9.43,7.55,0,5.66,0,0,1.89,1.89,20.75,11.32,0,13.21,16.98,3.77,5.66,0,24.53,1.89,5.66,7.55,5.66,0,1.89,20.75,3.77,16.98,5.66,7.55,5.66,0,3.77,1.89,0,7.55,0,7.55,1.89,0,1.89,0,1.89,0,0,15.09,1.89,0,0,0,1.89,0,9.43,0,0,1.89,0,3.77,0,3.77,0,0,0,0,0,0,0,0,0,0,0,0,0,0,0,0,0,0,1.89,0,0,0,0,0,0,5.66,13.21,0,7.55,5.66,0,0,0,0,3.77,7.55,0,0,0,0,0,0,16.98,5.66,3.77,0,1.89,1.89,3.77
A," Those Korean-Chinese are smuggling drugs from the port and secretly selling drugs in a smuggling manner. If there is a problem, they find the target and remove it, then bury the body somewhere to destroy the evidence and escape to another place. I'm moving and I'm sleeping. Also, they do not hesitate to harm people, and if they have money, they quietly assassinate and earn money.",1,66,14.87,17.46,91.71,1,16.5,21.21,92.42,65.15,59.09,13.64,9.09,3.03,0,0,0,6.06,4.55,12.12,9.09,0,7.58,9.09,7.58,15.15,1.52,15.15,0,1.52,4.55,0,1.52,3.03,13.64,0,13.64,3.03,0,0,6.06,0,6.06,0,6.06,0,6.06,0,0,0,0,0,0,0,12.12,6.06,0,0,1.52,0,0,6.06,0,0,0,0,1.52,0,1.52,0,3.03,0,0,1.52,1.52,0,7.58,3.03,0,0,0,0,0,0,1.52,0,0,1.52,0,0,0,1.52,4.55,0,9.09,15.15,0,6.06,6.06,0,1.52,0,1.52,0,6.06,0,0,0,0,0,0,18.18,6.06,7.58,0,0,3.03,1.52
A,"The Korean-Chinese should be expelled from Korea. It is the culprit of violent crime. Bad nation. It just hurts Korea seriously. Let's get them out of Korea. Our nation, a single nation, we can live well on our own. There is no need for a nation that only inflicts damage. Koreans are Chinese. Let's live well together.",1,57,27.21,99,1,1,6.33,15.79,89.47,71.93,57.89,15.79,10.53,0,8.77,0,0,1.75,5.26,15.79,7.02,1.75,10.53,14.04,10.53,0,1.75,22.81,8.77,1.75,15.79,10.53,0,5.26,10.53,1.75,8.77,0,1.75,5.26,0,1.75,0,0,12.28,3.51,8.77,5.26,0,5.26,0,1.75,0,0,12.28,1.75,0,0,1.75,0,0,10.53,0,0,0,0,12.28,7.02,5.26,0,0,0,0,0,0,0,5.26,0,0,0,0,0,0,0,0,1.75,0,1.75,0,0,0,0,0,0,10.53,10.53,0,1.75,7.02,0,0,1.75,0,0,10.53,0,0,0,0,0,0,24.56,15.79,3.51,0,0,3.51,1.75
A," This is why all Korean-Chinese bastards have to be expelled from Korea. Look at the structure of the land. You can't find Korean people. It's like a stuffy government.",1,29,76.81,22.04,7.91,1.05,7.25,17.24,93.1,72.41,58.62,10.34,3.45,0,0,3.45,0,0,6.9,17.24,10.34,0,17.24,17.24,3.45,0,3.45,31.03,3.45,3.45,3.45,0,0,3.45,13.79,3.45,10.34,3.45,3.45,3.45,0,0,3.45,0,6.9,0,3.45,0,0,0,0,0,0,3.45,3.45,0,0,0,0,0,0,3.45,0,0,0,0,10.34,3.45,6.9,0,0,0,0,0,0,0,0,0,0,0,0,0,0,0,0,6.9,0,0,0,0,0,0,0,0,13.79,17.24,3.45,3.45,3.45,3.45,0,3.45,0,0,10.34,6.9,0,0,0,0,0,24.14,13.79,0,0,0,6.9,3.45
A," don't know if this may be the case, but I think that people's perceptions will all have a negative view of the Korean-Chinese. Just by looking at the appearance of the Korean-Chinese in the movie Crime City, you can see what the Korean people's perception of the Korean-Chinese is. It can be the marginalized class of our society, but it can also become a crime-causing class on the contrary.",1,69,72.44,57.35,7.4,7.29,23,20.29,94.2,71.01,62.32,11.59,4.35,1.45,1.45,1.45,0,0,7.25,21.74,15.94,0,11.59,14.49,2.9,5.8,1.45,21.74,1.45,1.45,1.45,1.45,0,0,18.84,1.45,17.39,5.8,0,4.35,2.9,0,4.35,0,1.45,0,1.45,0,0,0,0,0,0,0,10.14,1.45,0,0,1.45,0,0,7.25,0,0,0,0,5.8,0,5.8,0,4.35,1.45,0,2.9,0,0,0,0,0,0,0,0,0,0,0,0,0,0,0,0,0,0,0,0,4.35,11.59,0,0,2.9,5.8,0,0,0,0,7.25,2.9,0,0,0,0,0,18.84,4.35,4.35,0,0,4.35,5.8
A," Yesterday, there was a knife-burim case in our neighborhood, and it seems that this was also the work of the Korean-Chinese. Real Korean-Chinese are always present when violent crimes occur. I have to move or not, but I can't live because I'm afraid. I wish the government would do something about it.",1,52,1.84,1.17,89.39,1,13,19.23,90.38,78.85,65.38,19.23,9.62,7.69,1.92,0,0,0,9.62,13.46,7.69,0,7.69,15.38,9.62,11.54,3.85,25,5.77,0,3.85,1.92,1.92,0,21.15,1.92,19.23,1.92,1.92,5.77,5.77,1.92,7.69,0,3.85,0,3.85,3.85,0,3.85,1.92,1.92,0,0,3.85,0,0,0,0,0,0,3.85,0,0,0,0,5.77,1.92,3.85,0,3.85,0,1.92,1.92,0,0,1.92,0,0,0,0,0,0,0,0,3.85,1.92,0,0,0,0,0,0,0,5.77,7.69,0,1.92,5.77,0,0,0,5.77,5.77,7.69,5.77,0,0,0,0,0,23.08,7.69,5.77,0,0,3.85,5.77
A,"When Koreans enter our country, they continue to commit violent crimes. At first, there were no restrictions on their entry because they were of the same ethnicity, but if this behavior continues, they should be banned from entering Korea. If the Korean-Chinese disappear, there won't be as many violent crimes as there are now.",1,54,10.19,40.06,92.16,1,18,24.07,88.89,75.93,62.96,11.11,9.26,0,1.85,0,0,7.41,1.85,14.81,3.7,1.85,12.96,12.96,9.26,12.96,3.7,20.37,9.26,3.7,3.7,1.85,0,1.85,12.96,1.85,11.11,0,1.85,1.85,3.7,0,7.41,0,5.56,0,5.56,3.7,0,3.7,0,3.7,0,0,11.11,0,0,0,0,0,0,9.26,0,0,0,0,5.56,0,5.56,0,0,0,0,0,0,0,0,0,0,0,0,0,0,0,0,0,0,0,0,0,0,0,0,0,5.56,12.96,0,3.7,9.26,0,0,0,7.41,3.7,5.56,1.85,0,0,0,0,0,18.52,5.56,9.26,0,0,1.85,1.85
A," The unscrupulous criminal Jo Doo-soon was also Korean-Chinese, and Crime City is a movie based on a true story, but it seems true that Korean-Chinese crimes a lot... Every time the crime is not normal, there are many violent crimes and unscrupulous crime types, but the Korean-Chinese seem like potential criminals. I hope they all get kicked out~!!! Get out of Korea right now~!!!",1,64,70.71,11.66,23.08,1,16,15.63,85.94,71.88,48.44,6.25,3.13,1.56,0,0,0,1.56,3.13,17.19,9.38,0,7.81,6.25,4.69,7.81,1.56,17.19,15.63,6.25,0,0,0,0,20.31,3.13,17.19,3.13,1.56,4.69,6.25,0,4.69,0,7.81,1.56,6.25,3.13,1.56,1.56,0,1.56,0,0,10.94,7.81,0,0,0,6.25,1.56,1.56,0,0,0,0,4.69,0,4.69,0,1.56,1.56,0,0,0,0,0,0,0,0,0,0,0,0,0,0,1.56,3.13,0,0,0,0,0,0,12.5,7.81,0,1.56,6.25,0,0,0,1.56,3.13,7.81,3.13,0,0,0,0,0,31.25,6.25,6.25,0,9.38,0,9.38
A,"There really is no end to the crimes of Korean-Chinese people.. It is not just one or two violent crimes that should not be left behind. I do not understand common sense whether it makes sense that the Korean people are trembling in our country, but the Korean-Chinese live casually. How many more people will have to see tears before they wake up?",1,63,21.46,1.6,99,1.48,15.75,12.7,95.24,73.02,63.49,11.11,4.76,1.59,1.59,0,0,1.59,6.35,17.46,4.76,3.17,11.11,12.7,6.35,6.35,6.35,20.63,6.35,6.35,1.59,1.59,0,0,22.22,1.59,20.63,6.35,3.17,1.59,1.59,1.59,9.52,0,3.17,0,3.17,3.17,0,3.17,1.59,1.59,0,0,4.76,0,0,0,0,0,0,3.17,0,0,0,0,4.76,0,4.76,0,1.59,1.59,0,0,0,0,4.76,0,0,0,0,0,0,0,0,3.17,0,0,0,0,0,0,0,0,11.11,17.46,0,1.59,11.11,1.59,0,4.76,3.17,0,6.35,4.76,0,0,0,0,0,12.7,6.35,1.59,1.59,0,0,3.17
A," I saw a Korean-Chinese on a bus, and it was no joke after talking loudly and putting my feet on the back of the seat in front of me. I remember feeling anxious until I suddenly yelled at the person next to me and acted aggressively until I got off... They looked like they would commit murder if anyone said anything. Korean-Chinese are very violent and are there anything bizarre? Oddly enough, was it even rumored that the Korean-Chinese were the culprits in the PC room murder case?",1,88,48.53,13.41,89.39,1,17.6,18.18,95.45,76.14,62.5,17.05,10.23,7.95,0,0,0,2.27,6.82,13.64,9.09,0,14.77,6.82,6.82,9.09,1.14,15.91,4.55,1.14,0,0,0,0,9.09,1.14,7.95,2.27,0,1.14,4.55,0,1.14,1.14,6.82,1.14,5.68,3.41,0,3.41,1.14,2.27,0,0,13.64,9.09,0,0,3.41,0,4.55,4.55,0,0,0,0,4.55,0,3.41,1.14,2.27,1.14,1.14,0,0,0,3.41,0,0,0,0,0,0,0,2.27,0,0,1.14,0,1.14,0,0,0,2.27,3.41,15.91,0,1.14,9.09,2.27,2.27,1.14,4.55,10.23,2.27,0,0,0,0,0,0,13.64,5.68,2.27,2.27,0,0,3.41
A,"How frightening are Koreans... I used to live near Daerim-dong. I can't even go into a bar there.. Everyday fights.. Bloody, riotous Bruce.. The same goes for voice phishing.. The recent rape robbery in the studio was a Korean-Chinese man, and all violent crimes were Korean-Chinese...Really violent. He is the culprit of the crime.",1,55,83.65,8.91,84.17,1,6.88,21.82,81.82,65.45,50.91,7.27,5.45,3.64,0,0,1.82,0,1.82,14.55,12.73,0,10.91,9.09,7.27,1.82,1.82,16.36,10.91,1.82,0,0,0,0,12.73,3.64,9.09,1.82,3.64,1.82,0,1.82,3.64,0,10.91,0,10.91,5.45,0,5.45,1.82,3.64,0,1.82,7.27,3.64,0,0,3.64,0,0,3.64,0,0,0,3.64,5.45,0,5.45,0,1.82,0,0,1.82,0,0,3.64,0,0,0,0,0,1.82,0,0,0,0,0,0,0,0,0,0,0,3.64,12.73,0,3.64,10.91,0,0,0,3.64,5.45,7.27,0,0,0,0,0,0,41.82,30.91,3.64,0,0,1.82,5.45
A," Just by looking at Wonchun Oh, Korean-Chinese crimes are at a serious level.. Korean-Chinese are not afraid of the police, and it is enough to commit crimes and run around. Really scared. I really wish all Koreans would go out.",1,40,69.05,8.37,28.56,1,10,15,92.5,75,57.5,5,2.5,2.5,0,0,0,0,2.5,10,5,0,17.5,10,10,5,2.5,20,7.5,5,2.5,0,0,2.5,15,2.5,12.5,0,0,5,0,5,2.5,0,5,0,5,5,0,5,5,0,0,0,0,0,0,0,0,0,0,0,0,0,0,0,7.5,0,7.5,0,0,0,0,0,0,0,0,0,0,0,0,0,0,0,0,0,2.5,0,0,2.5,0,0,0,0,5,15,0,5,10,2.5,0,0,0,0,7.5,2.5,2.5,0,0,2.5,0,22.5,12.5,5,0,0,0,5
A,"Korean-Chinese are Chinese, not Korean.. Violent criminals go to China... Even if only Korean-Chinese disappear, the violent crime rate in Korea will be reduced by more than half. Guys like Jang Chen in the movie Crime City. These people are drug abusers and there must be many Korean-Chinese who commit more serious crimes.",1,53,60.04,20.62,29.13,1,10.6,20.75,84.91,66.04,47.17,3.77,1.89,0,0,0,0,0,1.89,11.32,3.77,0,11.32,11.32,5.66,5.66,1.89,16.98,16.98,11.32,1.89,0,0,1.89,11.32,0,9.43,0,0,3.77,1.89,3.77,5.66,0,5.66,0,5.66,3.77,0,3.77,0,3.77,0,0,7.55,1.89,0,0,0,1.89,0,3.77,0,0,0,1.89,9.43,0,9.43,0,1.89,1.89,0,0,0,0,1.89,1.89,0,0,0,0,0,0,0,0,0,0,0,0,0,0,0,0,5.66,11.32,0,1.89,11.32,0,0,0,0,0,3.77,1.89,0,0,0,0,0,24.53,15.09,3.77,0,0,0,5.66
A," Korean-Chinese is the cause of crimes in our country, and this is the main cause of violent crimes. Therefore, thorough management of the Korean-Chinese is necessary, and the state should take the initiative to solve it. Korean-Chinese is the cause of crimes in our country, and this is the main cause of violent crimes. Therefore, thorough management of the Korean-Chinese is necessary, and the state should take the initiative to solve it.",1,72,89.52,72.07,3.81,2.17,18,25,91.67,72.22,55.56,8.33,2.78,0,2.78,0,0,0,5.56,19.44,13.89,0,13.89,11.11,2.78,5.56,0,16.67,11.11,0,11.11,2.78,5.56,2.78,13.89,0,13.89,5.56,5.56,2.78,0,0,0,0,2.78,0,2.78,2.78,0,2.78,0,2.78,0,0,5.56,0,0,0,0,0,0,2.78,0,0,0,0,5.56,0,5.56,0,5.56,0,0,5.56,0,0,0,0,0,0,0,0,0,0,0,2.78,0,2.78,0,0,0,0,0,0,5.56,5.56,0,0,5.56,0,0,0,0,0,8.33,0,0,0,0,0,0,19.44,5.56,8.33,0,0,0,5.56
A,"People's perception of Koreans these days is really bad. Is this really just a baseless perception or rumor? I saw that the proportion of Korean-Chinese staying in Korea is very high these days. Among foreigners who have committed crimes, the proportion of Korean-Chinese is the highest. Korean-Chinese is definitely violent.. Korean-Chinese are the culprits of violent crime!!!",1,57,57.59,50.51,58.46,1,9.5,33.33,89.47,68.42,52.63,10.53,3.51,1.75,0,0,0,0,7.02,15.79,8.77,0,10.53,12.28,8.77,1.75,0,15.79,8.77,3.51,1.75,0,1.75,0,10.53,0,10.53,3.51,0,0,1.75,5.26,1.75,0,5.26,0,5.26,5.26,0,5.26,0,3.51,0,0,7.02,1.75,0,0,0,0,1.75,5.26,0,0,0,0,10.53,0,10.53,0,0,0,0,0,0,0,0,0,0,0,0,0,0,0,0,0,0,0,1.75,0,0,0,0,0,3.51,14.04,0,0,8.77,1.75,0,0,3.51,1.75,10.53,0,0,0,0,0,0,26.32,8.77,1.75,1.75,5.26,1.75,7.02
A," There is an article that more than 80% of violent crimes in Korea are caused by the Korean-Chinese. Many of these violent crimes, which are often used as the subject of movies, are not only based on true stories, but in fact, if you go to Ansan, you can see a variety of Korean-Chinese.",1,54,79.79,13.82,65.87,1,27,14.81,87.04,77.78,61.11,9.26,3.7,0,0,3.7,0,0,5.56,14.81,7.41,1.85,20.37,9.26,5.56,7.41,1.85,18.52,9.26,7.41,0,0,0,0,24.07,0,22.22,0,5.56,1.85,3.7,0,11.11,0,3.7,0,3.7,3.7,0,3.7,0,3.7,0,0,5.56,1.85,0,0,0,0,1.85,3.7,0,0,0,0,3.7,0,3.7,0,1.85,1.85,0,0,0,0,0,0,0,0,0,0,0,0,0,0,0,0,0,0,0,0,0,0,3.7,9.26,0,1.85,7.41,1.85,0,0,1.85,3.7,9.26,0,0,0,0,0,0,18.52,3.7,9.26,0,0,0,5.56
A,"The Korean-Chinese should be thoroughly verified and managed as a part of the evil deeds that make the people of the Republic of Korea tremble in fear by committing many illegalities and criminal offenses by passing through a route other than an official method in the country. In addition, it creates low-wage jobs and acts as a fundamental cause of deprivation of local people's jobs. This must also be thoroughly managed and protected at the national level.",1,77,97.37,26.01,17.57,1,25.67,31.17,90.91,68.83,53.25,3.9,0,0,0,0,0,0,3.9,18.18,12.99,0,19.48,5.19,3.9,10.39,0,11.69,9.09,3.9,3.9,0,1.3,2.6,12.99,0,12.99,0,2.6,2.6,0,0,3.9,0,5.19,0,5.19,2.6,0,2.6,2.6,0,0,0,5.19,2.6,0,0,0,2.6,0,1.3,0,0,0,0,2.6,1.3,1.3,0,2.6,0,0,2.6,0,0,1.3,0,0,0,0,0,0,0,0,1.3,0,0,1.3,0,0,0,1.3,1.3,3.9,11.69,0,2.6,9.09,0,0,1.3,0,2.6,1.3,0,0,0,0,0,0,9.09,3.9,1.3,0,0,1.3,2.6
A," 10% of Korean-Chinese commit fraud, theft, robbery, rape, and assault, and even form gangs in groups to engage in extortion threats and business intervention. Korean-Chinese people are involved and are the main culprits in unrest, so I think it is something that must be resolved.",1,45,33.38,53.33,4.71,1,22.5,26.67,80,55.56,46.67,8.89,2.22,2.22,0,0,0,0,6.67,4.44,2.22,2.22,11.11,11.11,4.44,11.11,0,17.78,2.22,0,6.67,2.22,0,4.44,11.11,0,11.11,4.44,0,4.44,2.22,4.44,0,0,6.67,0,6.67,0,0,0,0,0,0,0,13.33,8.89,0,0,6.67,2.22,0,4.44,0,0,0,0,4.44,0,4.44,0,2.22,0,0,2.22,2.22,0,2.22,0,0,0,0,0,2.22,0,0,0,0,0,0,0,0,0,2.22,0,2.22,6.67,0,0,6.67,0,0,0,0,2.22,6.67,0,0,0,0,0,0,24.44,4.44,13.33,0,0,0,6.67
A,"The Korean-Chinese make up the largest number of foreigners living in Korea. In addition, most of the cases are related to violence, and there are frequent cases of sword fighting. Daerim-dong, where the largest number of Korean-Chinese reside, has the highest rate of violent crime in Seoul and the highest in the country, making Korean-Chinese the source of violent crime.",1,60,99,49.98,74.02,1,20,28.33,85,70,46.67,0,0,0,0,0,0,0,0,15,13.33,0,20,5,3.33,3.33,0,10,13.33,11.67,0,0,0,0,6.67,0,6.67,1.67,5,0,0,0,0,0,6.67,0,6.67,3.33,0,3.33,0,3.33,0,0,5,1.67,0,0,1.67,0,0,1.67,0,0,0,0,6.67,0,6.67,0,0,0,0,0,0,0,1.67,0,0,0,0,0,0,0,0,0,0,0,0,0,0,0,0,0,3.33,18.33,0,0,18.33,0,0,0,1.67,0,5,0,0,0,0,0,0,20,5,8.33,0,0,0,6.67
A," The majority of Korean-Chinese crimes are murder or violent crimes. They often run away to their own country at any time and cause problems, whether intentionally or impulsively. Entry should be banned from the very beginning to prevent them from setting their feet. Not only Korean-Chinese, but also illegal immigrants must be deported after the period of stay has expired.",1,60,44.66,40.06,51.55,1,15,26.67,90,63.33,56.67,6.67,6.67,0,0,0,0,6.67,0,10,5,0,15,10,8.33,11.67,1.67,11.67,3.33,1.67,1.67,0,0,1.67,21.67,0,21.67,0,3.33,5,6.67,3.33,8.33,0,6.67,0,6.67,1.67,0,1.67,0,1.67,0,0,13.33,1.67,0,0,1.67,0,0,10,0,0,0,0,8.33,5,6.67,0,0,0,0,0,0,0,3.33,0,0,0,0,0,0,0,1.67,0,0,0,0,0,0,0,1.67,0,5,6.67,0,1.67,5,0,0,0,8.33,1.67,3.33,0,0,0,0,0,0,13.33,6.67,3.33,0,0,0,3.33
A," am afraid to send my children outside because I am afraid because of the Korean-Chinese. If you look in the articles, there are many Korean-Chinese people who commit such crimes. Where would you go because you are afraid...? Seriously, the world these days is so ugly.. I can't even walk around late at night, and I'm not in a situation where I can live my daily life only during the day...",1,71,11.51,24.95,99,1,14.2,14.08,97.18,85.92,66.2,15.49,14.08,8.45,0,4.23,0,0,1.41,14.08,7.04,0,11.27,12.68,11.27,8.45,2.82,21.13,11.27,4.23,0,0,0,0,14.08,0,14.08,0,4.23,4.23,1.41,1.41,4.23,0,5.63,0,5.63,4.23,0,4.23,4.23,0,0,0,9.86,0,0,0,0,0,0,8.45,2.82,0,0,0,2.82,0,2.82,0,0,0,0,0,0,0,1.41,0,0,0,0,0,0,0,0,0,0,0,0,0,0,0,0,0,9.86,16.9,1.41,2.82,14.08,1.41,0,0,8.45,0,11.27,0,0,0,0,0,0,25.35,14.08,4.23,1.41,0,2.82,2.82
A," When I worked with Korean-Chinese, it was very difficult to work for not being Chinese and not Korean. Sometimes, like the Chinese, I couldn't decide where to work in the Manmandi. Also, attendance is not good.. So there is a tendency to avoid places where Koreans live.",1,47,20.01,1,95.81,1,11.75,21.28,93.62,74.47,61.7,6.38,4.26,4.26,0,0,0,0,2.13,6.38,6.38,0,14.89,10.64,14.89,8.51,8.51,17.02,6.38,0,6.38,0,6.38,0,17.02,0,14.89,2.13,0,2.13,2.13,0,6.38,0,6.38,0,6.38,2.13,2.13,0,0,0,0,0,0,0,0,0,0,0,0,0,0,0,0,0,10.64,0,10.64,0,6.38,0,0,6.38,0,0,2.13,0,0,0,0,0,0,0,0,0,0,0,0,0,0,0,2.13,0,8.51,12.77,0,0,12.77,0,0,0,4.26,4.26,4.26,0,0,0,0,0,0,23.4,10.64,8.51,0,0,2.13,2.13
A,"Due to the large influx of Korean-Chinese, the violent crime rate in Korea has increased. In fact, there is data showing that the violent crime rate has significantly increased in areas where Korean-Chinese live. All Koreans are dangerous. Due to the large influx of Korean-Chinese, the violent crime rate in Korea has increased. In fact, there is data showing that the violent crime rate has significantly increased in areas where Korean-Chinese live. All Koreans are dangerous.",1,76,89.52,40.06,52.19,1,12.67,26.32,81.58,68.42,44.74,2.63,0,0,0,0,0,0,2.63,13.16,7.89,0,13.16,10.53,7.89,0,0,13.16,10.53,15.79,0,0,0,0,2.63,2.63,0,0,0,0,0,0,0,0,7.89,0,7.89,5.26,0,5.26,0,5.26,0,0,0,0,0,0,0,0,0,0,0,0,0,0,7.89,0,7.89,0,0,0,0,0,0,0,2.63,0,0,0,0,0,0,0,0,0,0,0,0,0,0,0,2.63,0,2.63,18.42,0,0,15.79,2.63,0,0,2.63,0,10.53,0,0,0,0,0,0,18.42,7.89,5.26,0,0,0,5.26
A," The crime city is not a movie for nothing, but if you think about whether it was made based on a real-life motif, there is no doubt that this Korean-Chinese is the main cause of most violent crimes. And I heard a lot of anticipation that the discord among the multicultural families around the Korean-Chinese family would deepen. Looking at this, wouldn't it be correct that they are mocking Koreans while communicating with each other?",1,75,47.65,7.28,19.26,2.44,25,21.33,90.67,76,64,13.33,4,1.33,0,1.33,0,1.33,9.33,24,10.67,0,12,10.67,4,6.67,5.33,18.67,6.67,5.33,1.33,1.33,0,0,18.67,1.33,17.33,1.33,4,2.67,1.33,2.67,6.67,0,4,0,2.67,2.67,0,1.33,0,1.33,0,0,6.67,1.33,0,0,0,0,0,4,1.33,0,0,0,5.33,0,5.33,0,1.33,1.33,0,0,0,0,0,0,0,0,0,0,0,0,0,0,0,0,0,0,0,0,0,0,1.33,8,0,0,5.33,1.33,1.33,0,1.33,4,5.33,1.33,0,0,0,0,0,13.33,2.67,4,1.33,0,1.33,4
A,"The past is the past, and it is a foreigner. It is more speculative to see this country wandering around in Silrim, etc., in Korea. Ban them from living in our country and deport them. Films such as the Yellow Sea or Crime City are no longer fiction, but are blocked in advance before they become reality.",1,57,62.72,70.59,99,20.23,14.25,15.79,82.46,70.18,56.14,12.28,7.02,0,1.75,0,0,5.26,5.26,15.79,7.02,0,15.79,8.77,1.75,10.53,1.75,15.79,8.77,3.51,1.75,1.75,0,0,8.77,1.75,7.02,1.75,0,0,1.75,0,3.51,0,0,0,0,0,0,0,0,0,0,0,14.04,0,0,0,0,0,0,8.77,0,0,0,0,3.51,1.75,1.75,0,1.75,1.75,0,0,0,0,1.75,0,0,0,0,0,0,0,0,0,0,0,0,0,0,0,0,0,7.02,22.81,0,1.75,19.3,3.51,0,0,5.26,3.51,8.77,0,0,0,0,0,0,15.79,8.77,7.02,0,0,0,0
A," There are many Korean-Chinese criminals in such violent crimes.. The last time Suwon tomb murder was a Korean-Chinese crime and it is so scary. There are rumors about this, and it's scary that bad events keep repeating.....",1,37,11.45,40.06,20.17,1,12.33,13.51,89.19,67.57,51.35,10.81,0,0,0,0,0,0,10.81,16.22,5.41,0,5.41,13.51,10.81,8.11,0,16.22,16.22,2.7,0,0,0,0,0,0,0,0,0,0,0,0,0,0,16.22,2.7,13.51,10.81,0,10.81,5.41,2.7,0,0,8.11,8.11,0,0,2.7,2.7,2.7,0,0,0,0,0,5.41,0,5.41,0,0,0,0,0,0,0,5.41,0,0,0,0,0,0,0,5.41,0,0,0,0,0,0,0,0,0,5.41,8.11,0,0,8.11,0,0,0,5.41,2.7,10.81,0,0,0,0,0,0,32.43,21.62,2.7,0,0,2.7,5.41
A,"These days, I see a lot of Korean-Chinese in my neighborhood.. I can see the crimes committed by Korean-Chinese people in the news or articles, and because of that, I think that Korean-Chinese are the culprits of violent crime. I'm going to do it Not all Koreans are like this, but it's still scary.",1,54,38.62,1,65.87,1,18,18.52,92.59,77.78,64.81,20.37,9.26,9.26,0,0,0,0,11.11,20.37,7.41,0,14.81,11.11,1.85,7.41,1.85,20.37,3.7,7.41,1.85,0,1.85,0,12.96,0,12.96,1.85,1.85,1.85,5.56,0,5.56,0,3.7,0,3.7,3.7,0,3.7,1.85,1.85,0,0,3.7,1.85,0,0,0,0,1.85,1.85,0,0,0,0,7.41,0,7.41,0,1.85,0,1.85,0,0,0,0,0,0,0,0,0,0,0,0,0,0,0,0,0,0,0,0,0,9.26,7.41,0,0,3.7,3.7,0,0,1.85,0,9.26,3.7,0,0,0,0,0,24.07,7.41,7.41,0,0,3.7,5.56
A," Koreans are also Chinese after all. Where there are Chinese people all over the world, they do harm and harm the people around them. You grew up and learned there, what did you expect? Until now, the number of unsolved cases in the Korean-Chinese neighborhoods near Daerim Station and Konkuk University Station will be enormous. The culprit of violent crime.. We must drive out the Korean-Chinese!",1,66,58.76,96.39,79.84,1,11,21.21,87.88,69.7,59.09,9.09,7.58,0,1.52,3.03,0,3.03,1.52,12.12,9.09,0,15.15,10.61,9.09,9.09,0,13.64,7.58,6.06,3.03,3.03,0,0,6.06,3.03,3.03,1.52,0,1.52,0,0,0,0,4.55,0,4.55,1.52,0,1.52,0,1.52,0,0,10.61,1.52,0,0,0,0,0,9.09,0,0,0,0,7.58,0,7.58,0,3.03,0,1.52,1.52,0,0,0,0,0,0,0,0,0,0,0,1.52,0,0,0,0,0,0,3.03,0,7.58,18.18,0,1.52,16.67,0,0,0,4.55,4.55,4.55,3.03,0,0,0,0,0,18.18,7.58,4.55,1.52,1.52,0,3.03
A,"How many crimes were secretly committed by Korean-Chinese when they entered our country. Eventually, it will be the culprit of violent crime. , should be watched carefully to avoid crime",1,29,13.62,90.41,21.61,1.05,9.67,34.48,82.76,68.97,58.62,10.34,6.9,0,3.45,0,0,3.45,3.45,10.34,3.45,0,10.34,17.24,13.79,3.45,0,24.14,6.9,3.45,6.9,3.45,3.45,0,6.9,0,6.9,3.45,3.45,3.45,0,0,0,0,3.45,0,3.45,3.45,0,3.45,0,3.45,0,0,13.79,3.45,0,0,0,0,0,6.9,0,0,0,0,3.45,0,3.45,0,0,0,0,0,0,0,0,0,0,0,0,0,0,0,0,0,0,0,0,0,0,0,3.45,0,3.45,10.34,3.45,3.45,3.45,3.45,0,0,6.9,10.34,0,6.9,0,0,0,0,0,17.24,6.9,6.9,0,0,0,3.45
A," Wow, Koreans are so scary. There are a lot of crimes in the neighborhood, and I'm scared to go because I'm really scared. Most of the Korean-Chinese commit heinous crimes, but they really need to be deported. They pretend to be Koreans only when making a profit, pretending to be Chinese when there is a disadvantage, and the real Korean-Chinese are the culprits of violent crimes. If you live next door, always be careful.",1,74,31.35,48.08,55.76,1,14.8,20.27,93.24,78.38,59.46,6.76,6.76,2.7,0,1.35,0,2.7,0,12.16,9.46,0,10.81,13.51,12.16,10.81,0,22.97,10.81,5.41,1.35,0,0,1.35,14.86,1.35,13.51,0,2.7,1.35,1.35,4.05,2.7,0,6.76,0,5.41,6.76,0,5.41,4.05,1.35,0,0,5.41,0,0,0,0,0,0,5.41,0,0,0,0,8.11,1.35,6.76,0,2.7,0,1.35,1.35,1.35,0,1.35,0,0,0,0,0,0,0,0,1.35,0,0,0,0,0,1.35,1.35,0,5.41,8.11,0,1.35,8.11,0,0,0,5.41,0,9.46,0,1.35,0,0,0,1.35,20.27,6.76,8.11,0,0,2.7,2.7
A,"Wow, the world is really scary. Among them, the Koreans... Really, why are they just neglecting them? Anyone can see and do only the most serious crimes, but if you leave it like this, what will happen later? It's just scary to live with a Korean-Chinese. It seems that we need a system that not only punishes the crimes committed by the Korean-Chinese, but also removes the real culprit.",1,69,17.31,65.68,11.82,1,11.5,13.04,92.75,82.61,65.22,18.84,7.25,0,1.45,1.45,0,4.35,11.59,17.39,11.59,0,7.25,8.7,11.59,7.25,1.45,17.39,11.59,1.45,4.35,1.45,1.45,1.45,17.39,0,17.39,1.45,1.45,2.9,4.35,4.35,5.8,0,7.25,0,5.8,4.35,0,2.9,2.9,0,0,0,11.59,2.9,0,0,0,0,0,8.7,0,0,0,0,4.35,0,4.35,0,0,0,0,0,0,0,1.45,0,0,0,0,0,0,0,0,1.45,0,0,0,0,0,0,0,0,7.25,8.7,1.45,1.45,4.35,1.45,0,0,1.45,0,7.25,1.45,1.45,0,0,0,1.45,24.64,8.7,8.7,2.9,0,1.45,2.9
A," A movie called Crime City was based on a true story, and although the actors did a good job, they did a good job of reconstructing it based on a true story, and as a result, they became a little bit more careful about the Korean-Chinese and made the truth known. If you look at the crimes of the Korean-Chinese that were worse in the past as well as the present, the Korean-Chinese are the main cause of violent crimes.",1,80,97.22,62.31,4.48,38.3,40,10,93.75,75,55,6.25,3.75,0,0,1.25,0,2.5,2.5,22.5,20,0,13.75,6.25,2.5,10,0,15,11.25,3.75,0,0,0,0,15,0,15,2.5,6.25,0,1.25,0,2.5,0,6.25,3.75,2.5,3.75,2.5,1.25,0,1.25,0,0,10,3.75,0,0,0,0,3.75,5,0,0,0,0,3.75,0,3.75,0,6.25,2.5,0,3.75,0,0,0,0,0,0,0,0,0,0,0,0,0,0,0,0,0,0,1.25,0,3.75,3.75,1.25,0,2.5,1.25,0,0,1.25,11.25,1.25,0,0,0,0,0,0,12.5,2.5,6.25,0,0,0,3.75
A,"Recently (Crime of Falsehood) and (Crime of Falsehood) have occurred. This was the result of the Korean-Chinese. Based on other incidents, it cannot but be suspected that the Korean-Chinese are criminals that can cause confusion in society and are the culprit of violent crimes. We cannot become one nation with these Koreans.",1,52,53.56,13.12,2.93,1,13,26.92,84.62,67.31,57.69,11.54,1.92,0,1.92,0,0,0,9.62,19.23,7.69,1.92,13.46,15.38,0,5.77,3.85,21.15,5.77,1.92,1.92,1.92,0,0,21.15,0,21.15,1.92,5.77,5.77,1.92,0,7.69,0,3.85,0,3.85,3.85,0,3.85,0,1.92,0,0,5.77,1.92,0,0,0,1.92,0,3.85,0,0,0,0,7.69,1.92,5.77,0,0,0,0,0,0,0,0,0,0,0,0,0,0,0,0,0,0,0,0,0,0,0,0,0,1.92,1.92,0,0,1.92,0,0,0,1.92,3.85,9.62,0,0,0,0,0,0,21.15,7.69,1.92,0,0,0,11.54
A," If you look at the crimes in Korea, you can see that most of the violent crimes are committed by Korean-Chinese. A representative case is the sharding incident in Suwon in 2012 that shocked the nation. Not just this one, there are many more. As the proportion of Korean-Chinese living in Korea increases, they are more likely to be exposed to the risk of violent crime. The reality is that Korean-Chinese are the culprits of violent crime.",1,77,92.67,55.55,5.07,1,15.4,20.78,80.52,71.43,59.74,9.09,3.9,0,0,2.6,0,1.3,5.19,23.38,11.69,2.6,16.88,10.39,2.6,2.6,1.3,14.29,11.69,7.79,1.3,0,1.3,0,5.19,0,5.19,0,0,1.3,2.6,0,2.6,0,5.19,0,3.9,5.19,0,3.9,0,3.9,0,0,3.9,0,0,0,0,0,0,3.9,0,0,0,0,5.19,1.3,3.9,0,0,0,0,0,0,0,1.3,0,0,0,0,0,0,0,0,0,0,0,0,0,0,0,1.3,0,2.6,10.39,1.3,0,7.79,2.6,0,0,0,0,9.09,0,0,0,0,0,0,14.29,6.49,3.9,0,0,0,3.9
A,"There are more and more Korean-Chinese in the neighborhood where I live, and I am afraid to die. At first, even Korean-Chinese speak the same language, so I tried to see them with good eyes. Turns out, it was a crime committed by the Korean-Chinese living here. I thought it only happened in other places, but it's happening in my town too. It's really scary.",1,65,35.28,7.93,98.89,6.78,13,13.85,98.46,83.08,63.08,15.38,9.23,7.69,0,0,0,1.54,6.15,13.85,6.15,1.54,13.85,7.69,12.31,6.15,0,23.08,12.31,4.62,3.08,0,3.08,0,7.69,0,7.69,1.54,0,0,0,1.54,4.62,0,4.62,1.54,3.08,4.62,1.54,3.08,3.08,0,0,0,7.69,3.08,0,0,0,0,1.54,4.62,0,0,0,0,4.62,0,4.62,0,1.54,0,1.54,0,0,0,6.15,0,0,0,0,0,0,0,1.54,0,0,0,0,0,0,0,0,0,7.69,20,0,1.54,15.38,3.08,0,0,0,4.62,7.69,0,0,0,0,0,0,23.08,7.69,7.69,0,0,3.08,4.62
A," Aren't all the brutal serial killers up to this point Korean? Korean-Chinese are the main culprits of human trafficking just by looking at the movie. I was scared, so I went to Chinatown and couldn't eat even a single meal.",1,40,75.4,3.95,7.03,1,13.33,17.5,87.5,70,55,7.5,5,5,0,0,0,0,2.5,17.5,10,2.5,15,7.5,7.5,5,5,15,10,2.5,2.5,0,0,2.5,7.5,0,7.5,0,0,2.5,5,0,2.5,0,7.5,0,7.5,2.5,0,2.5,2.5,0,0,0,7.5,5,0,0,5,0,0,2.5,0,0,0,0,5,0,5,0,2.5,2.5,0,0,0,0,7.5,0,0,0,0,0,0,5,2.5,0,0,0,0,0,0,0,0,0,0,7.5,0,2.5,2.5,2.5,0,0,0,5,2.5,0,0,0,0,0,0,17.5,5,2.5,2.5,0,5,2.5
A,"It is said that the Korean-Chinese are no different than their compatriots, Chinese only in their words. They hide a knife around their body and stab them when they are rude. They are scary. Since they are the main culprits of violent crimes, they should not be regarded as compatriots and should be deported. It is a nation that threatens the safety of the people. It's very scary to go to Daerim-dong, where there are a lot of Koreans, or something like that.",1,83,15.19,61.53,13.52,1,13.83,15.66,91.57,78.31,67.47,19.28,10.84,0,0,0,0,10.84,8.43,18.07,8.43,0,13.25,14.46,7.23,8.43,2.41,16.87,9.64,3.61,1.2,0,0,1.2,10.84,1.2,9.64,0,1.2,2.41,2.41,0,4.82,0,7.23,1.2,6.02,4.82,0,4.82,2.41,2.41,0,0,16.87,6.02,0,1.2,2.41,0,2.41,10.84,0,0,0,0,6.02,2.41,3.61,0,0,0,0,0,0,0,1.2,0,0,0,0,0,0,0,0,0,0,0,0,0,0,0,3.61,0,4.82,7.23,0,1.2,6.02,1.2,0,0,2.41,1.2,9.64,0,0,0,0,0,0,15.66,7.23,4.82,0,0,1.2,2.41
A," As everyone in the know knows, Korean-Chinese people are the culprits of violent crime. you have to push it out Those who don't know will get a rough idea of what it's like when they see the movie Crime City from last year or the year before. Even if you go to Daerim, where there are a lot of Koreans, the atmosphere is dull.",1,64,62.1,75.49,93.71,1,21.33,9.38,92.19,78.13,62.5,14.06,6.25,0,0,3.13,0,1.56,7.81,14.06,10.94,0,17.19,10.94,6.25,7.81,1.56,23.44,4.69,4.69,0,0,0,0,10.94,1.56,9.38,6.25,0,0,3.13,0,3.13,0,4.69,0,4.69,1.56,0,1.56,0,1.56,0,0,9.38,0,0,0,0,0,0,7.81,0,0,0,0,3.13,0,3.13,0,1.56,1.56,0,0,0,0,0,0,0,0,0,0,0,0,0,3.13,0,1.56,0,0,0,0,0,0,15.63,14.06,0,3.13,9.38,1.56,0,1.56,4.69,0,9.38,4.69,0,0,0,0,0,14.06,4.69,4.69,0,0,3.13,1.56
A,"Koreans are really scary. There have been crimes in my life. Ever since then, I have known late at night, and I sleep at a friend's house. ... I'm more afraid of not being able to catch it, my life",1,39,14.06,1,99,1,9.75,5.13,97.44,74.36,64.1,15.38,12.82,12.82,0,0,0,0,2.56,10.26,2.56,0,15.38,15.38,7.69,7.69,2.56,17.95,7.69,2.56,5.13,2.56,2.56,0,12.82,2.56,10.26,2.56,2.56,0,0,2.56,2.56,0,5.13,0,5.13,5.13,0,5.13,5.13,0,0,0,7.69,0,0,0,0,0,0,2.56,0,2.56,0,0,2.56,0,2.56,0,2.56,0,2.56,0,0,0,2.56,0,0,0,0,0,0,0,0,0,0,2.56,0,0,0,0,0,0,12.82,7.69,0,2.56,5.13,0,0,0,12.82,5.13,5.13,0,0,0,0,0,0,28.21,15.38,7.69,0,0,5.13,0
A," I'm worried about the increasing number of violent crimes in our neighborhood these days. Children who like to go out are always trembling with anxiety, but these days I see people who speak Korean-Chinese. What does it have to do with the increase in crime with Korean-Chinese people? I don't think it's possible, but among parents, a lot of Korean-Chinese have flowed in, so I hear publicly that people should refrain from entering late at night.",1,76,60.19,40.06,95.77,1,19,21.05,94.74,78.95,57.89,17.11,9.21,5.26,1.32,0,0,0,7.89,10.53,3.95,0,21.05,11.84,3.95,3.95,1.32,22.37,3.95,10.53,2.63,2.63,0,0,9.21,1.32,7.89,1.32,0,1.32,1.32,0,2.63,0,5.26,0,5.26,5.26,0,5.26,3.95,1.32,0,0,9.21,1.32,0,0,0,0,1.32,7.89,1.32,0,0,0,3.95,0,3.95,0,1.32,0,1.32,0,0,0,1.32,0,0,0,0,0,0,0,0,2.63,0,0,0,0,0,0,0,0,11.84,14.47,0,5.26,7.89,1.32,1.32,1.32,6.58,1.32,6.58,2.63,0,0,0,0,0,18.42,3.95,5.26,1.32,0,3.95,3.95
A," few Korean-Chinese people visit our restaurant often, and every time they come, their behavior is rough, their words and actions are rough, and friction with other customers is a problem. However, if I do not receive these guests, I have no choice but to accept it because I am afraid that I will be called Hegot, but it is always inconvenient. Sometimes I hear them talk like they are Korean-Chinese gangsters, and they say who needs to be eliminated and where to file. It seems that Korean immigrants to Korea are really dangerous.",1,93,1.88,33.95,58.85,1,23.25,18.28,93.55,74.19,61.29,20.43,13.98,5.38,1.08,0,0,6.45,6.45,11.83,1.08,0,6.45,12.9,5.38,10.75,2.15,20.43,7.53,2.15,2.15,2.15,0,0,18.28,3.23,15.05,2.15,1.08,1.08,4.3,1.08,6.45,0,6.45,1.08,5.38,1.08,0,1.08,1.08,0,0,0,17.2,5.38,0,0,0,0,4.3,11.83,0,1.08,0,0,4.3,1.08,4.3,0,3.23,1.08,0,2.15,1.08,0,1.08,0,0,0,0,0,0,1.08,0,1.08,0,2.15,0,0,0,0,1.08,0,8.6,5.38,0,1.08,2.15,0,1.08,2.15,3.23,1.08,9.68,1.08,0,0,0,0,0,15.05,4.3,8.6,0,0,0,2.15
A," Koreans always have a lot of problems!! They don't eat human flesh, they cut people to pieces, they kill, and the incidents don't stop. More and more people are saying that Korean-Chinese are the culprits of violent crimes. There are Korean-Chinese people who are not like that, but I hope it doesn't become an issue in the news. The world is scary~~",1,62,28.14,23.05,10.77,1.4,12.4,11.29,91.94,72.58,59.68,12.9,8.06,1.61,0,0,0,4.84,4.84,17.74,9.68,0,8.06,14.52,3.23,4.84,6.45,20.97,8.06,9.68,1.61,0,0,1.61,9.68,1.61,8.06,0,0,1.61,1.61,0,3.23,0,6.45,1.61,4.84,4.84,1.61,3.23,1.61,1.61,0,0,12.9,4.84,0,0,1.61,0,3.23,8.06,0,0,0,0,4.84,0,4.84,0,0,0,0,0,0,0,4.84,0,0,0,0,0,0,1.61,1.61,0,1.61,0,0,0,0,0,0,0,9.68,4.84,0,0,4.84,0,0,0,3.23,0,12.9,1.61,0,0,0,0,0,25.81,4.84,6.45,0,3.23,4.84,6.45
A,"The Korean-Chinese are only Korean in appearance and roots, but they are from a country with completely different thoughts and ideas. Don't judge by appearance, check people's thoughts! Even though the world is still atrocious, Korean-Chinese who cause violent crimes desperately need national management! I can't even walk around at night because I'm afraid, and I won't be able to raise children.",1,62,14.28,4.4,86.48,1,15.5,27.42,95.16,64.52,53.23,8.06,8.06,4.84,0,0,0,1.61,0,4.84,4.84,0,11.29,12.9,11.29,9.68,4.84,16.13,8.06,0,4.84,0,1.61,3.23,17.74,0,17.74,4.84,3.23,3.23,0,3.23,6.45,0,4.84,0,4.84,4.84,0,4.84,1.61,1.61,0,0,9.68,1.61,0,0,0,1.61,0,6.45,0,0,0,0,4.84,0,4.84,0,1.61,0,0,1.61,0,0,0,0,0,0,0,0,0,0,0,3.23,0,0,0,0,0,0,0,3.23,6.45,14.52,1.61,3.23,6.45,3.23,0,0,1.61,0,9.68,1.61,0,0,0,0,0,24.19,3.23,6.45,0,3.23,8.06,3.23
A," There are many cases in which Korean-Chinese people come together to extort money and goods by using violence in shops such as Chinatown. I'm not afraid to report to the police and I'm afraid to go to Chinatown because it seems like they're committing a crime. And even while watching the movie, it seems that such a thing actually happens, so I'm more afraid of Korean-Chinese people, so I don't even dare to get along.",1,75,39.7,4.89,72.01,1,25,14.67,90.67,74.67,60,13.33,6.67,5.33,0,0,0,1.33,6.67,12,5.33,0,17.33,8,8,10.67,2.67,17.33,6.67,2.67,2.67,1.33,0,1.33,9.33,0,9.33,2.67,2.67,0,2.67,1.33,2.67,0,5.33,0,5.33,4,0,4,4,0,0,0,1.33,0,0,0,0,0,0,1.33,0,0,0,0,2.67,0,2.67,0,4,1.33,0,1.33,1.33,0,0,0,0,0,0,0,0,0,0,0,0,1.33,0,0,0,0,1.33,0,9.33,8,1.33,2.67,6.67,1.33,0,0,1.33,0,12,0,0,0,0,0,0,17.33,4,4,0,0,6.67,2.67
A,"Will the Koreans be left as they are? Are they really our people? Is it reasonable to have more benefits than immigrants from other countries because of their kin? Do we actually know where the Korean-Chinese people around us are and what they do? Based on this analysis, we should recognize that they are related to violent crime.",1,58,5.28,99,31.84,20.23,11.6,20.69,96.55,79.31,70.69,22.41,15.52,0,6.9,0,0,8.62,6.9,13.79,3.45,0,13.79,18.97,6.9,6.9,0,24.14,6.9,1.72,8.62,8.62,0,0,20.69,0,20.69,8.62,5.17,1.72,0,3.45,3.45,0,3.45,1.72,1.72,1.72,0,1.72,0,1.72,0,0,17.24,0,0,0,0,0,0,17.24,1.72,0,0,0,5.17,1.72,5.17,0,0,0,0,0,0,0,0,0,0,0,0,0,0,0,0,0,0,0,0,0,0,1.72,0,0,6.9,5.17,0,0,5.17,0,0,0,0,0,8.62,1.72,0,0,0,0,0,12.07,1.72,1.72,6.9,0,0,1.72
A," Among the Korean-Chinese, there are people who commit crimes. Some of them lead to violent crimes. The general public is suffering a lot. The Korean-Chinese are the culprits of violent crime and should be forced to leave our country. In order not to harm the common people, they must be expelled from the country. We should not accept the Korean-Chinese in order to make a healthy country.",1,67,93.07,80.84,8.2,1,11.17,19.4,94.03,71.64,56.72,7.46,7.46,0,2.99,0,0,2.99,0,17.91,13.43,0,14.93,11.94,1.49,1.49,2.99,19.4,5.97,2.99,10.45,2.99,1.49,7.46,13.43,0,13.43,0,4.48,5.97,0,2.99,2.99,0,8.96,1.49,7.46,4.48,0,4.48,0,2.99,0,0,14.93,0,0,0,0,0,0,10.45,0,0,0,0,4.48,0,4.48,0,0,0,0,0,0,0,1.49,1.49,0,1.49,0,0,0,0,0,0,0,1.49,0,0,0,0,1.49,0,8.96,13.43,0,2.99,10.45,0,0,0,0,0,4.48,0,0,0,0,0,0,16.42,8.96,2.99,0,0,0,4.48
A," can't go because I'm afraid because there are a lot of violent crimes because Korean-Chinese people came in. I can't sell organs, so I shouldn't accept the Korean-Chinese. Why is there no one who has made the Korean-Chinese live in Korea to create such a situation and make it uneasy and deal with it?",1,54,7.9,1,52.89,1,18,16.67,94.44,81.48,62.96,12.96,7.41,5.56,0,0,0,0,5.56,14.81,7.41,0,9.26,12.96,7.41,11.11,7.41,25.93,5.56,5.56,1.85,0,1.85,0,22.22,3.7,18.52,0,11.11,5.56,0,0,3.7,0,7.41,1.85,5.56,5.56,0,5.56,3.7,1.85,0,0,1.85,0,0,0,0,0,0,1.85,0,0,0,0,5.56,0,5.56,0,3.7,0,0,1.85,1.85,0,1.85,0,0,0,0,0,0,0,0,0,0,1.85,0,0,0,0,0,1.85,7.41,12.96,0,3.7,11.11,0,0,0,0,3.7,11.11,0,0,0,0,0,0,20.37,3.7,1.85,1.85,0,7.41,5.56
A," If you look at the existing heinous crimes (mutilated murder, don't ask murder), most of them are Korean-Chinese. Why do we have to be exposed to such a frightening situation? In order to create a country where our children can live freely, shouldn't we get rid of the Korean-Chinese from this land as soon as possible? One more thing, Korean-Chinese who are shopping for medical care should be identified as soon as possible.",1,73,50.37,91.91,3.65,1,18.25,23.29,91.78,72.6,60.27,10.96,8.22,0,4.11,1.37,0,1.37,2.74,13.7,5.48,1.37,17.81,13.7,5.48,6.85,2.74,24.66,5.48,4.11,8.22,5.48,1.37,1.37,12.33,0,12.33,1.37,1.37,4.11,4.11,0,1.37,0,6.85,1.37,5.48,1.37,0,1.37,1.37,0,0,0,16.44,5.48,1.37,0,2.74,0,1.37,9.59,2.74,0,0,0,4.11,0,4.11,0,1.37,0,0,0,1.37,0,5.48,1.37,0,0,0,0,0,0,2.74,2.74,0,1.37,0,0,0,0,0,1.37,5.48,8.22,1.37,0,6.85,1.37,0,0,2.74,0,5.48,5.48,0,0,0,0,0,20.55,2.74,5.48,2.74,0,2.74,6.85
A,"It is said that they speak the same ethnicity and the same language, but I think it is true that Korean-Chinese are treated poorly in both China and Korea. As a result, it seems that they belong to the social class and live in a low status. Since it is relatively dark in the world, I think that it is also high if you are used in a crime or fall into a criminal.",1,74,35.05,14.33,99,20.23,24.67,8.11,93.24,81.08,62.16,18.92,6.76,2.7,0,1.35,0,2.7,12.16,17.57,10.81,0,10.81,8.11,4.05,12.16,0,17.57,9.46,2.7,1.35,1.35,0,0,17.57,0,17.57,4.05,4.05,0,4.05,0,8.11,0,0,0,0,0,0,0,0,0,0,0,10.81,5.41,0,0,0,1.35,2.7,4.05,0,0,0,0,2.7,0,2.7,0,1.35,0,0,1.35,0,0,1.35,0,0,0,0,0,0,0,0,0,0,0,0,0,0,0,0,0,4.05,14.86,0,1.35,13.51,1.35,0,0,1.35,2.7,9.46,0,0,0,0,0,0,9.46,4.05,4.05,0,0,0,1.35
A," Now my boss has ordered me to comment on this news. It should be said that Korean-Chinese are the culprits of violent crimes. The world is so dirty. In the meantime, I have been through so many garbage-like Korean-Chinese, and I have a lot of complaints about them, and I have a lot to say. Chief Jung is a bastard!!!",1,60,34.92,10.48,19.26,1.23,12,18.33,93.33,76.67,68.33,15,10,8.33,0,0,0,1.67,5,20,10,0,13.33,16.67,6.67,6.67,0,20,6.67,8.33,3.33,0,0,3.33,1.67,0,1.67,0,0,1.67,0,0,0,0,5,0,3.33,1.67,0,1.67,0,1.67,0,1.67,11.67,8.33,0,0,1.67,0,8.33,3.33,0,0,0,0,3.33,0,3.33,0,1.67,0,0,1.67,0,0,0,0,0,0,0,0,0,0,0,0,0,0,0,0,0,0,0,0,6.67,3.33,0,0,3.33,0,0,0,3.33,5,8.33,0,0,0,0,0,0,21.67,6.67,5,0,5,0,5
A,"Korean-Chinese people.... There is a reason why they often appear in movies as brutal roles, often killing people for money. Crimes like that don't happen in real life, but it's too realistic to be written only by imagination. In reality, they should be seen as the culprits who commit more violent crimes~ As a citizen of the Republic of Korea!! All Koreans, go back to your country!!",1,67,71.79,80.84,48.48,1,13.4,17.91,92.54,70.15,55.22,8.96,5.97,0,0,1.49,0,2.99,2.99,11.94,5.97,0,19.4,8.96,8.96,5.97,1.49,17.91,8.96,2.99,1.49,0,0,1.49,13.43,1.49,11.94,2.99,2.99,1.49,2.99,1.49,1.49,0,4.48,0,4.48,1.49,0,1.49,0,1.49,0,0,16.42,4.48,0,0,2.99,0,1.49,8.96,0,0,0,0,5.97,2.99,2.99,0,1.49,1.49,0,0,0,0,1.49,0,0,0,0,0,0,0,1.49,0,0,0,0,0,0,0,0,0,13.43,13.43,0,1.49,10.45,2.99,0,0,2.99,2.99,4.48,0,0,0,0,0,0,26.87,8.96,5.97,0,5.97,2.99,2.99
A," I have also experienced the Korean-Chinese, but there have been many experiences where trust was lost because they couldn't understand what was inside and didn't keep their promises. It's bittersweet because it seems like they're doing illegal things regardless of means and methods, because if they make money while occupying various parts of our lives, they can return to their homeland.",1,61,1,30.91,92.94,1.32,30.5,26.23,95.08,80.33,63.93,19.67,13.11,1.64,1.64,0,0,9.84,6.56,8.2,1.64,0,8.2,18.03,4.92,14.75,3.28,29.51,8.2,3.28,4.92,3.28,0,1.64,27.87,0,27.87,4.92,6.56,3.28,3.28,1.64,9.84,0,6.56,1.64,4.92,1.64,0,1.64,0,0,1.64,0,14.75,3.28,0,0,0,0,0,11.48,0,0,0,0,1.64,0,1.64,0,0,0,0,0,0,0,1.64,0,0,0,0,0,0,0,0,0,0,0,0,0,0,0,0,0,9.84,9.84,0,1.64,9.84,0,0,0,1.64,8.2,11.48,0,0,0,0,0,0,16.39,3.28,4.92,0,0,6.56,1.64
A,"There are murders because Korean-Chinese people came to live in Korea, so think about it, young children living in the world today cannot have fun even when the sun goes down like we did when the sun goes down. Their parents look for them before the sun goes down. This is because the world is scary. The Korean-Chinese also played a part in the fear, and the Korean-Chinese are the main cause of violent crime!!!",1,75,74.19,63.73,96.32,2.44,18.75,12,93.33,76,57.33,6.67,4,0,1.33,0,0,2.67,2.67,16,13.33,0,16,9.33,9.33,10.67,1.33,21.33,6.67,1.33,2.67,2.67,0,0,8,0,8,1.33,4,1.33,0,0,2.67,0,8,2.67,5.33,5.33,1.33,4,2.67,1.33,0,0,8,1.33,0,0,1.33,0,0,6.67,1.33,0,0,0,4,0,4,0,2.67,2.67,0,0,0,0,4,0,0,0,0,0,0,0,1.33,0,0,0,0,0,0,0,0,2.67,8,22.67,2.67,5.33,14.67,2.67,0,0,5.33,4,10.67,0,0,0,0,0,0,16,4,4,0,4,0,4
A," Korean-Chinese is an unbelievable existence on the border between Korea and China, and it is thought that they are the culprit of violent crimes. will make you think. We have to make a better world by managing the Koreans well.",1,40,75.4,94.84,15.38,59.44,13.33,22.5,85,75,57.5,12.5,7.5,0,2.5,2.5,0,2.5,5,15,12.5,0,12.5,12.5,2.5,5,0,25,7.5,0,5,2.5,2.5,0,10,0,10,5,5,0,0,0,0,0,7.5,5,2.5,2.5,0,2.5,0,2.5,0,0,7.5,0,0,0,0,0,0,7.5,0,0,0,0,5,0,5,0,0,0,0,0,0,0,0,0,0,0,0,0,0,0,0,5,0,0,0,0,0,0,0,0,7.5,7.5,0,0,7.5,0,0,0,0,0,7.5,7.5,0,0,0,0,0,12.5,7.5,2.5,0,0,0,2.5
A,"Why is it that Korean-Chinese have come to the Republic of Korea and have a fight? This is not only once or twice, but because the Korean-Chinese are committing crimes, can they live because they are afraid? What are they doing in the country? Like a murder case, the majority of violent crimes always seem to be culprits by Korean-Chinese. Please let us live comfortably too!!",1,66,24.27,49.07,39.59,1,13.2,18.18,90.91,77.27,65.15,12.12,6.06,0,1.52,0,0,4.55,6.06,15.15,9.09,3.03,10.61,15.15,9.09,7.58,1.52,22.73,4.55,4.55,1.52,1.52,0,0,13.64,1.52,12.12,1.52,4.55,1.52,3.03,0,4.55,0,7.58,1.52,6.06,4.55,1.52,3.03,1.52,1.52,0,0,12.12,4.55,1.52,1.52,3.03,0,0,6.06,0,0,0,0,6.06,1.52,4.55,0,0,0,0,0,0,0,4.55,0,0,0,0,0,0,0,1.52,0,0,0,0,0,0,0,0,0,10.61,7.58,0,1.52,7.58,0,0,0,3.03,0,9.09,0,0,0,0,0,0,18.18,1.52,4.55,4.55,3.03,0,4.55
A," Most of the Korean-Chinese I have come across are cunning, selfish, and cold-hearted. In particular, he acts as if it is beneficial to himself and will take away everything if it is advantageous, but when it is judged that the value of use has decreased, he turns around like a sword and turns into an enemy in an instant. In addition, they are often the main cause of violent crimes in the local community, such as gathering around and doing various bad things. It is believed that these Korean-Chinese in this land should be deported and sent back.",1,98,41.52,40.06,78.4,1.66,24.5,19.39,93.88,81.63,64.29,15.31,5.1,1.02,0,0,3.06,1.02,10.2,13.27,7.14,0,17.35,12.24,5.1,11.22,0,18.37,9.18,4.08,3.06,1.02,1.02,2.04,11.22,1.02,10.2,1.02,2.04,1.02,3.06,0,5.1,0,5.1,1.02,4.08,2.04,0,2.04,0,1.02,0,0,8.16,3.06,0,0,1.02,2.04,0,6.12,0,0,0,3.06,3.06,1.02,2.04,0,2.04,2.04,0,0,0,0,2.04,0,0,0,0,0,0,2.04,0,0,0,3.06,0,0,0,2.04,0,0,4.08,15.31,0,3.06,13.27,0,0,0,3.06,2.04,9.18,1.02,0,0,0,0,0,14.29,4.08,7.14,0,0,0,3.06
A,"There are quite a few Korean-Chinese people living in the town where I live, but I heard that one of them died while fighting amongst themselves with swords on the street. If you look at the news, there are many cases of Korean-Chinese who brutally kill with a knife. In fact, a lot of heinous crimes occur in the neighborhoods where Korean-Chinese live. It's scary.",1,65,87.26,67.13,92.75,1,16.25,13.85,89.23,73.85,61.54,12.31,9.23,3.08,0,1.54,0,3.08,3.08,18.46,10.77,1.54,16.92,4.62,7.69,4.62,0,13.85,6.15,9.23,3.08,1.54,0,1.54,4.62,0,4.62,0,0,0,3.08,0,3.08,0,6.15,0,6.15,1.54,0,1.54,1.54,0,0,0,15.38,6.15,0,0,4.62,0,1.54,9.23,0,0,0,0,4.62,0,4.62,0,1.54,0,1.54,0,0,0,7.69,0,0,0,0,0,0,0,3.08,0,0,0,0,0,0,0,0,0,6.15,21.54,1.54,0,18.46,1.54,1.54,0,1.54,3.08,4.62,0,0,0,0,0,0,16.92,6.15,4.62,0,0,1.54,4.62
A," A significant number of Korean-Chinese are committing violent crimes in our country, which causes people around them to tremble in fear. Korean-Chinese are distributed all over the country and participate in crimes in groups.",1,34,97.25,93.56,97.97,1,17,29.41,88.24,58.82,50,8.82,5.88,0,2.94,0,0,2.94,2.94,11.76,5.88,0,23.53,5.88,2.94,2.94,0,5.88,5.88,5.88,2.94,2.94,0,0,8.82,2.94,5.88,0,2.94,0,0,0,2.94,0,8.82,0,8.82,8.82,0,8.82,5.88,2.94,0,0,17.65,0,0,0,0,0,0,11.76,0,0,0,0,5.88,0,5.88,0,0,0,0,0,0,0,2.94,0,0,0,0,0,0,0,0,0,0,0,0,0,0,0,0,0,8.82,26.47,0,2.94,23.53,0,0,2.94,0,0,5.88,0,0,0,0,0,0,14.71,5.88,2.94,0,0,0,5.88
A,"The movie reflects the facts, like the City of Crime and Hwanghae, and that Chinese Koreans always carry a knife in their pockets... They say that there are many Koreans who disappear from Ansan on payday especially... I go to Ansan sometimes, but Koreans avoid them because they are afraid , Isn't Oh Won-chun also Korean? Just kicking out...",1,58,42.75,50.33,92,1.05,14.5,22.41,86.21,68.97,55.17,13.79,10.34,1.72,0,0,0,6.9,3.45,13.79,6.9,0,12.07,5.17,8.62,8.62,1.72,13.79,5.17,1.72,0,0,0,0,12.07,1.72,10.34,1.72,1.72,0,1.72,0,3.45,0,3.45,0,3.45,1.72,0,1.72,1.72,0,0,0,12.07,1.72,0,0,0,0,1.72,8.62,0,0,0,0,8.62,0,8.62,0,3.45,1.72,0,0,1.72,0,0,0,0,0,0,0,0,0,0,0,0,0,0,0,0,0,1.72,0,5.17,15.52,0,5.17,10.34,1.72,0,0,3.45,0,5.17,0,1.72,0,0,1.72,0,27.59,15.52,6.9,1.72,0,1.72,1.72
A," The Korean-Chinese themselves said that they were Chinese and that they came to Korea using their identity as a Korean-Chinese just to make money, and they did bad things, and they thought that Koreans looked down on them. And a lot of criminals come in to escape as well. Anyway, you have to be careful with the Koreans around you.",1,60,44.66,99,19.26,6.08,20,16.67,96.67,86.67,68.33,21.67,15,0,0,3.33,0,11.67,6.67,15,6.67,0,20,6.67,6.67,10,0,20,6.67,5,0,0,0,0,5,0,5,1.67,3.33,0,0,0,0,0,5,1.67,3.33,1.67,0,1.67,0,0,0,0,18.33,3.33,0,0,0,1.67,1.67,15,0,0,0,0,8.33,0,8.33,0,0,0,0,0,0,0,0,0,0,0,0,0,0,0,0,3.33,0,0,0,0,0,0,3.33,0,5,11.67,0,5,6.67,1.67,0,0,0,8.33,0,3.33,0,0,0,0,0,13.33,5,5,0,0,0,3.33
A,"The Korean-Chinese are a negative part of the Korean economy. In particular, health insurance accounts for huge deficits. The health insurance system for the people provides many benefits, especially to Korean-Chinese, who are Chinese, who are only foreigners. In addition, social violence demands a lot of social cost. This is a point that all the people know, and a strong Chubol is required for this.",1,65,95.73,49.21,2.93,20.23,13,27.69,95.38,69.23,50.77,7.69,3.08,0,0,0,0,0,4.62,23.08,13.85,0,12.31,7.69,3.08,1.54,0,9.23,13.85,15.38,3.08,0,0,3.08,7.69,1.54,6.15,1.54,0,0,0,0,3.08,0,6.15,3.08,3.08,0,0,0,0,0,0,0,9.23,1.54,0,0,0,0,0,4.62,0,0,0,0,7.69,0,7.69,0,7.69,0,0,1.54,7.69,0,3.08,3.08,0,0,0,0,0,0,0,1.54,0,0,1.54,0,0,1.54,3.08,0,4.62,3.08,0,0,3.08,0,0,0,0,0,9.23,0,0,0,0,0,0,20,7.69,9.23,0,0,0,3.08
A," I work in Ansan, and I commute by train. There are many violent Korean-Chinese crimes near Ansan Station, so I am careful. For example, I hear a lot from company people that Korean-Chinese carry a lot of weapons on their bodies, so they always go around cautiously and don't go to Ansan Station at night and take a taxi to work.",1,61,65.02,16.05,92.94,6.23,20.33,18.03,81.97,67.21,55.74,11.48,9.84,6.56,0,0,0,3.28,1.64,13.11,4.92,0,18.03,4.92,8.2,8.2,1.64,13.11,6.56,8.2,3.28,0,3.28,0,1.64,1.64,0,0,0,0,0,0,0,0,1.64,0,1.64,1.64,0,1.64,0,1.64,0,0,4.92,0,0,0,0,0,0,3.28,0,0,0,0,3.28,0,3.28,0,6.56,0,0,6.56,0,0,1.64,0,0,0,0,0,0,0,0,0,0,1.64,0,0,0,0,1.64,0,11.48,14.75,0,6.56,9.84,0,1.64,0,3.28,0,4.92,0,0,0,0,0,0,16.39,4.92,6.56,0,0,1.64,3.28
A,"All Korean-Chinese people in Korea should be expelled. Half of the recent murders have been committed by Koreans. How vicious is it in the movie Crime City? In any case, the Korean-Chinese are the culprits of violent crime. They must all be chased away. Isn't it? You don't even know when you'll get hit. 'Cause it's nothing else Everyone be careful.",1,61,19.57,49.82,49.37,1,7.63,19.67,91.8,73.77,60.66,11.48,4.92,0,0,3.28,0,1.64,6.56,11.48,6.56,0,11.48,21.31,6.56,1.64,4.92,27.87,8.2,4.92,3.28,0,1.64,1.64,19.67,6.56,13.11,3.28,3.28,3.28,1.64,0,3.28,0,8.2,0,8.2,3.28,0,3.28,0,1.64,0,0,11.48,3.28,0,0,3.28,0,0,6.56,0,0,0,0,4.92,0,4.92,0,1.64,1.64,0,0,0,0,1.64,0,0,0,0,0,0,0,1.64,1.64,0,1.64,0,0,0,0,1.64,0,6.56,11.48,0,3.28,8.2,0,0,0,3.28,1.64,8.2,1.64,0,0,0,0,0,26.23,9.84,1.64,3.28,0,8.2,3.28
A," There was a Korean-Chinese living in my neighborhood too, but it's not a joke with a sense of victimization, I just run with antipathy for what I say. So whenever possible, I try to give them a massage, but I always watch people on the street where there are a lot of people and quarrel with them. As if to take only one, I can't walk freely because I'm afraid of the world.",1,73,34.21,1,98.47,2.26,24.33,12.33,95.89,80.82,68.49,15.07,12.33,9.59,0,0,0,2.74,2.74,13.7,9.59,1.37,16.44,6.85,12.33,10.96,2.74,16.44,4.11,5.48,2.74,0,1.37,1.37,13.7,1.37,12.33,1.37,1.37,2.74,2.74,0,6.85,0,5.48,1.37,4.11,1.37,0,1.37,1.37,0,0,0,10.96,6.85,0,0,2.74,0,1.37,4.11,0,0,0,0,1.37,0,1.37,0,2.74,1.37,1.37,0,0,0,1.37,0,0,0,0,0,0,0,0,0,0,1.37,0,0,0,0,0,0,5.48,15.07,1.37,2.74,9.59,1.37,0,1.37,2.74,1.37,6.85,0,0,0,0,0,0,16.44,4.11,6.85,0,0,4.11,1.37
A,"Korean-Chinese are not Koreans and can return to their country of China at any time. even committing a crime. Why was the local airport bus terminal moved in front of the police station? Because they commit crimes too casually, it is to prevent them. They are even more dangerous to commit a crime and return to their home country.",1,59,63.92,69.65,53.8,5.94,11.8,20.34,84.75,64.41,55.93,10.17,8.47,0,0,0,0,8.47,1.69,13.56,6.78,0,13.56,8.47,6.78,5.08,1.69,13.56,5.08,1.69,1.69,0,0,1.69,8.47,0,8.47,0,3.39,1.69,1.69,0,1.69,0,1.69,0,1.69,0,0,0,0,0,0,0,11.86,0,0,0,0,0,0,8.47,0,0,0,0,3.39,0,3.39,0,3.39,1.69,1.69,0,0,0,0,0,0,0,0,0,0,0,0,0,0,0,0,0,0,0,3.39,0,5.08,15.25,0,5.08,13.56,0,0,0,0,3.39,6.78,0,0,0,0,0,0,11.86,6.78,1.69,1.69,0,0,1.69
A," am not Korean. Until I found out about this, I had no ill will toward the Korean-Chinese. However, this appears too often in the news and newspapers. It's amazing how much money is being drained out of Korea due to phishing scams. If the Korean-Chinese could have a safe job in Korea, they would give me a phishing scam like this. However, I will not be treated well in my country. I don't want the same Korean people to suffer any more, but it's a pity that I've also received fraudulent calls several times. I am not deceived because I know this well, but how painful it must be for older people to suffer like this!! I'm upset. The domestic economy is not good, but the hard-earned money is being wasted through this kind of fraud. good",1,137,11.91,1,86.07,7.23,12.45,16.06,91.24,74.45,64.96,16.06,8.76,8.03,0,0,0,0.73,7.3,16.06,6.57,0,12.41,16.06,7.3,7.3,4.38,21.9,5.11,2.19,0.73,0,0,0.73,20.44,0.73,18.98,2.92,2.19,3.65,4.38,1.46,8.03,0,8.76,3.65,5.11,5.84,2.19,2.92,0,0,0.73,0,5.11,3.65,0,0,0,2.19,0.73,0.73,0,0,0,0,2.92,0,2.92,0,1.46,0,0,0.73,0.73,0,0.73,0.73,0.73,0,0,0,0,0,0,0,0.73,0.73,0,0,0,0,1.46,0,10.95,6.57,0,0,5.11,0.73,0,0.73,3.65,2.92,8.03,2.19,0,0,0,0,0,18.98,6.57,5.11,0,1.46,3.65,2.19
A,"Korean-Chinese act threateningly by swarming like gangs. There are rumors that he carries a weapon with him all the time, and I have heard that he suffered damage due to a gang of Korean-Chinese people. I think the Korean-Chinese in the crime city in the movie starring Ma Dong-Seok is well expressed, so it is said that living in a neighborhood with Korean-Chinese is scary there is also",1,68,68.25,80.39,18.77,1.85,22.67,17.65,88.24,66.18,55.88,13.24,7.35,2.94,0,0,4.41,0,5.88,16.18,10.29,0,13.24,8.82,7.35,4.41,0,17.65,1.47,1.47,4.41,2.94,0,1.47,2.94,1.47,1.47,1.47,0,0,0,0,0,0,5.88,1.47,4.41,2.94,0,2.94,1.47,0,0,0,16.18,4.41,0,0,1.47,0,2.94,10.29,1.47,0,1.47,4.41,5.88,0,5.88,0,2.94,1.47,1.47,0,0,0,1.47,0,0,0,0,0,0,0,0,0,0,0,0,0,0,0,1.47,0,5.88,13.24,0,1.47,10.29,0,1.47,0,1.47,4.41,8.82,0,0,0,0,0,0,13.24,2.94,2.94,0,0,0,7.35
